instance,method,seed,value,time,evaluations,feasible,gen_to_best,final_diversity
ASC_n500_R1000_s900,GA-FIX-1P+BF1,0,157900.0,2.4104693869994662,19700,True,44,0.003217600000000001
ASC_n500_R1000_s900,GA-FIX-1P+BF1,1,157911.0,2.697232881000673,19700,True,192,0.0084192
ASC_n500_R1000_s900,GA-FIX-1P+BF1,2,157916.0,1.829875281000568,19700,True,105,0.0030688000000000013
ASC_n500_R1000_s900,GA-FIX-1P+BF1,3,157823.0,2.6595547210017685,19700,True,146,0.0041272
ASC_n500_R1000_s900,GA-FIX-1P+BF1,4,157916.0,2.727422307998495,19700,True,61,0.0017056000000000003
ASC_n500_R1000_s900,GA-FIX-1P+BF1,5,157912.0,2.541643454998848,19700,True,103,0.0028504000000000003
ASC_n500_R1000_s900,GA-FIX-1P+BF3,0,158010.0,2.8540144529979443,19700,True,88,0.010060000000000006
ASC_n500_R1000_s900,GA-FIX-1P+BF3,1,158021.0,3.023282730999199,19700,True,93,0.015885600000000007
ASC_n500_R1000_s900,GA-FIX-1P+BF3,2,157916.0,2.4715124030008155,19700,True,75,0.014500800000000005
ASC_n500_R1000_s900,GA-FIX-1P+BF3,3,158018.0,3.132101055998646,19700,True,190,0.04105840000000001
ASC_n500_R1000_s900,GA-FIX-1P+BF3,4,158015.0,3.230448468999384,19700,True,55,0.012456000000000005
ASC_n500_R1000_s900,GA-FIX-1P+BF3,5,157935.0,3.2004470430001675,19700,True,132,0.012916800000000006
ASC_n500_R1000_s900,GA-FIX-1P+SWAP,0,157909.0,3.1612292919999163,19700,True,101,0.004204000000000001
ASC_n500_R1000_s900,GA-FIX-1P+SWAP,1,157913.0,2.670011934998911,19700,True,179,0.005780800000000001
ASC_n500_R1000_s900,GA-FIX-1P+SWAP,2,157911.0,3.063690987000882,19700,True,75,0.008993600000000001
ASC_n500_R1000_s900,GA-FIX-1P+SWAP,3,157918.0,2.5699657530021796,19700,True,194,0.007276000000000001
ASC_n500_R1000_s900,GA-FIX-1P+SWAP,4,157919.0,2.2371598459976667,19700,True,56,0.006087200000000001
ASC_n500_R1000_s900,GA-FIX-1P+SWAP,5,157918.0,3.0481484230003844,19700,True,77,0.0053440000000000015
ASC_n500_R1000_s900,GA-FIX-2P+BF1,0,157906.0,2.580091531999642,19700,True,56,0.0026664000000000006
ASC_n500_R1000_s900,GA-FIX-2P+BF1,1,157908.0,2.6993908010008454,19700,True,31,0.002823200000000001
ASC_n500_R1000_s900,GA-FIX-2P+BF1,2,157910.0,2.7320074919989565,19700,True,59,0.0027424000000000007
ASC_n500_R1000_s900,GA-FIX-2P+BF1,3,157922.0,2.6905594799973187,19700,True,148,0.001875200000000001
ASC_n500_R1000_s900,GA-FIX-2P+BF1,4,158011.0,2.9116306029973202,19700,True,79,0.005244800000000002
ASC_n500_R1000_s900,GA-FIX-2P+BF1,5,157914.0,1.8865374839988363,19700,True,47,0.0038536000000000004
ASC_n500_R1000_s900,GA-FIX-2P+BF3,0,157919.0,2.8150448810010857,19700,True,135,0.013647200000000007
ASC_n500_R1000_s900,GA-FIX-2P+BF3,1,158020.0,3.052774562002014,19700,True,67,0.010868800000000005
ASC_n500_R1000_s900,GA-FIX-2P+BF3,2,158023.0,3.2174930090004636,19700,True,197,0.01910000000000001
ASC_n500_R1000_s900,GA-FIX-2P+BF3,3,158015.0,2.597040972999821,19700,True,99,0.011900000000000006
ASC_n500_R1000_s900,GA-FIX-2P+BF3,4,157926.0,3.354649075998168,19700,True,197,0.019029600000000008
ASC_n500_R1000_s900,GA-FIX-2P+BF3,5,157928.0,3.069746188000863,19700,True,192,0.013636000000000006
ASC_n500_R1000_s900,GA-FIX-2P+SWAP,0,157916.0,2.815746582000429,19700,True,43,0.005949600000000002
ASC_n500_R1000_s900,GA-FIX-2P+SWAP,1,157918.0,3.001981950001209,19700,True,197,0.0096968
ASC_n500_R1000_s900,GA-FIX-2P+SWAP,2,157918.0,3.098954966997553,19700,True,174,0.004520000000000001
ASC_n500_R1000_s900,GA-FIX-2P+SWAP,3,158009.0,3.1837486939984956,19700,True,76,0.0031672000000000007
ASC_n500_R1000_s900,GA-FIX-2P+SWAP,4,158011.0,2.7625936650001677,19700,True,164,0.0038984
ASC_n500_R1000_s900,GA-FIX-2P+SWAP,5,157925.0,3.184520276998228,19700,True,79,0.004993600000000001
ASC_n500_R1000_s900,GA-FIX-UX+BF1,0,158015.0,2.2076135840034112,19700,True,43,0.001736000000000001
ASC_n500_R1000_s900,GA-FIX-UX+BF1,1,158015.0,2.8970524430005753,19700,True,35,0.0018592000000000014
ASC_n500_R1000_s900,GA-FIX-UX+BF1,2,158017.0,2.9982201800012263,19700,True,52,0.0009472000000000005
ASC_n500_R1000_s900,GA-FIX-UX+BF1,3,158017.0,2.046119580998493,19700,True,52,0.0012400000000000007
ASC_n500_R1000_s900,GA-FIX-UX+BF1,4,157919.0,2.840047333000257,19700,True,59,0.0028216000000000005
ASC_n500_R1000_s900,GA-FIX-UX+BF1,5,158023.0,2.944033263000165,19700,True,41,0.0010216000000000005
ASC_n500_R1000_s900,GA-FIX-UX+BF3,0,158021.0,3.3300049970021064,19700,True,108,0.010236800000000006
ASC_n500_R1000_s900,GA-FIX-UX+BF3,1,158022.0,3.1072384440012684,19700,True,136,0.009090400000000005
ASC_n500_R1000_s900,GA-FIX-UX+BF3,2,158021.0,3.4573144690002664,19700,True,63,0.009768800000000005
ASC_n500_R1000_s900,GA-FIX-UX+BF3,3,158020.0,2.5050991770003748,19700,True,122,0.008118400000000005
ASC_n500_R1000_s900,GA-FIX-UX+BF3,4,158024.0,3.442091344997607,19700,True,103,0.009747200000000004
ASC_n500_R1000_s900,GA-FIX-UX+BF3,5,158018.0,3.1205571589998726,19700,True,79,0.011443200000000004
ASC_n500_R1000_s900,GA-FIX-UX+SWAP,0,158016.0,3.271415920000436,19700,True,127,0.008889600000000001
ASC_n500_R1000_s900,GA-FIX-UX+SWAP,1,157927.0,2.903473590999056,19700,True,116,0.004531200000000001
ASC_n500_R1000_s900,GA-FIX-UX+SWAP,2,158021.0,3.351357323997945,19700,True,118,0.012235200000000005
ASC_n500_R1000_s900,GA-FIX-UX+SWAP,3,158022.0,3.3900543530035065,19700,True,82,0.0037200000000000015
ASC_n500_R1000_s900,GA-FIX-UX+SWAP,4,158021.0,2.5765237159976095,19700,True,186,0.0031984000000000005
ASC_n500_R1000_s900,GA-FIX-UX+SWAP,5,158020.0,2.6499792280010297,19700,True,111,0.007664000000000002
ASC_n500_R1000_s901,GA-FIX-1P+BF1,0,158703.0,2.729532139001094,19700,True,177,0.002802400000000001
ASC_n500_R1000_s901,GA-FIX-1P+BF1,1,158705.0,2.6736388329991314,19700,True,173,0.0029232000000000004
ASC_n500_R1000_s901,GA-FIX-1P+BF1,2,158706.0,2.632622884997545,19700,True,156,0.002860000000000001
ASC_n500_R1000_s901,GA-FIX-1P+BF1,3,158702.0,2.6749993310004356,19700,True,98,0.0023544000000000004
ASC_n500_R1000_s901,GA-FIX-1P+BF1,4,158805.0,2.655155647000356,19700,True,61,0.0012304
ASC_n500_R1000_s901,GA-FIX-1P+BF1,5,158701.0,2.5911158790004265,19700,True,30,0.002421600000000001
ASC_n500_R1000_s901,GA-FIX-1P+BF3,0,158817.0,2.482716509999591,19700,True,145,0.011902400000000004
ASC_n500_R1000_s901,GA-FIX-1P+BF3,1,158808.0,3.1034285530004126,19700,True,123,0.011457600000000007
ASC_n500_R1000_s901,GA-FIX-1P+BF3,2,158813.0,2.9834309090001625,19700,True,101,0.012282400000000006
ASC_n500_R1000_s901,GA-FIX-1P+BF3,3,158808.0,3.1896487830017577,19700,True,185,0.013580000000000005
ASC_n500_R1000_s901,GA-FIX-1P+BF3,4,158804.0,3.170344287998887,19700,True,197,0.014039200000000005
ASC_n500_R1000_s901,GA-FIX-1P+BF3,5,158820.0,3.252835403000063,19700,True,117,0.010240800000000003
ASC_n500_R1000_s901,GA-FIX-1P+SWAP,0,158713.0,3.0968952240000363,19700,True,192,0.008288800000000002
ASC_n500_R1000_s901,GA-FIX-1P+SWAP,1,158806.0,3.1584763079990807,19700,True,74,0.005648
ASC_n500_R1000_s901,GA-FIX-1P+SWAP,2,158806.0,2.1562292380003782,19700,True,54,0.0040656
ASC_n500_R1000_s901,GA-FIX-1P+SWAP,3,158807.0,3.2256713530005072,19700,True,192,0.012327200000000002
ASC_n500_R1000_s901,GA-FIX-1P+SWAP,4,158716.0,3.0956699670023227,19700,True,155,0.005306400000000002
ASC_n500_R1000_s901,GA-FIX-1P+SWAP,5,158810.0,3.1815155840013176,19700,True,178,0.014872000000000002
ASC_n500_R1000_s901,GA-FIX-2P+BF1,0,158700.0,2.7004761489988596,19700,True,36,0.003957600000000001
ASC_n500_R1000_s901,GA-FIX-2P+BF1,1,158714.0,2.79009278599915,19700,True,36,0.0022568
ASC_n500_R1000_s901,GA-FIX-2P+BF1,2,158705.0,2.7473747069998353,19700,True,53,0.0035136000000000013
ASC_n500_R1000_s901,GA-FIX-2P+BF1,3,158703.0,1.7899261499987915,19700,True,48,0.003192000000000002
ASC_n500_R1000_s901,GA-FIX-2P+BF1,4,158703.0,2.1742977509966295,19700,True,25,0.002748800000000001
ASC_n500_R1000_s901,GA-FIX-2P+BF1,5,158704.0,2.5547620819997974,19700,True,48,0.003866400000000002
ASC_n500_R1000_s901,GA-FIX-2P+BF3,0,158809.0,3.2348663459997624,19700,True,174,0.010851200000000005
ASC_n500_R1000_s901,GA-FIX-2P+BF3,1,158813.0,2.8321477150020655,19700,True,119,0.009448800000000005
ASC_n500_R1000_s901,GA-FIX-2P+BF3,2,158813.0,2.8505171000033442,19700,True,92,0.007895200000000005
ASC_n500_R1000_s901,GA-FIX-2P+BF3,3,158808.0,3.4323824099992635,19700,True,174,0.011364800000000006
ASC_n500_R1000_s901,GA-FIX-2P+BF3,4,158814.0,3.264919152999937,19700,True,155,0.006495200000000003
ASC_n500_R1000_s901,GA-FIX-2P+BF3,5,158810.0,3.0021100789999764,19700,True,57,0.010540000000000006
ASC_n500_R1000_s901,GA-FIX-2P+SWAP,0,158609.0,3.181911043000582,19700,True,113,0.0049440000000000005
ASC_n500_R1000_s901,GA-FIX-2P+SWAP,1,158813.0,3.0952700310008368,19700,True,61,0.0035808000000000007
ASC_n500_R1000_s901,GA-FIX-2P+SWAP,2,158811.0,3.182315545996971,19700,True,46,0.0027312000000000013
ASC_n500_R1000_s901,GA-FIX-2P+SWAP,3,158815.0,2.8227847300004214,19700,True,121,0.0026848000000000006
ASC_n500_R1000_s901,GA-FIX-2P+SWAP,4,158716.0,2.8472409599999082,19700,True,110,0.0040224000000000015
ASC_n500_R1000_s901,GA-FIX-2P+SWAP,5,158721.0,2.7717051370018453,19700,True,180,0.008700000000000003
ASC_n500_R1000_s901,GA-FIX-UX+BF1,0,158803.0,2.9509868519999145,19700,True,172,0.0020984000000000007
ASC_n500_R1000_s901,GA-FIX-UX+BF1,1,158814.0,2.9511019669989764,19700,True,82,0.0016344000000000007
ASC_n500_R1000_s901,GA-FIX-UX+BF1,2,158808.0,2.2685215469973627,19700,True,59,0.001615200000000001
ASC_n500_R1000_s901,GA-FIX-UX+BF1,3,158807.0,2.508208579998609,19700,True,158,0.0010944000000000006
ASC_n500_R1000_s901,GA-FIX-UX+BF1,4,158807.0,3.0013342069978535,19700,True,70,0.0021680000000000002
ASC_n500_R1000_s901,GA-FIX-UX+BF1,5,158812.0,2.718227522000234,19700,True,53,0.0015424000000000006
ASC_n500_R1000_s901,GA-FIX-UX+BF3,0,158811.0,3.3802802030004386,19700,True,126,0.012912000000000007
ASC_n500_R1000_s901,GA-FIX-UX+BF3,1,158815.0,3.47778692400243,19700,True,123,0.03634640000000001
ASC_n500_R1000_s901,GA-FIX-UX+BF3,2,158816.0,3.3367105350007478,19700,True,87,0.009634400000000007
ASC_n500_R1000_s901,GA-FIX-UX+BF3,3,158819.0,2.4944801759993425,19700,True,168,0.04260640000000001
ASC_n500_R1000_s901,GA-FIX-UX+BF3,4,158811.0,3.231060697002249,19700,True,149,0.014388000000000007
ASC_n500_R1000_s901,GA-FIX-UX+BF3,5,158811.0,2.869346671999665,19700,True,39,0.03741760000000001
ASC_n500_R1000_s901,GA-FIX-UX+SWAP,0,158816.0,3.2783393480021914,19700,True,190,0.012384000000000004
ASC_n500_R1000_s901,GA-FIX-UX+SWAP,1,158819.0,3.473655362999125,19700,True,99,0.012296800000000004
ASC_n500_R1000_s901,GA-FIX-UX+SWAP,2,158811.0,3.4622899540008802,19700,True,47,0.0029968000000000004
ASC_n500_R1000_s901,GA-FIX-UX+SWAP,3,158813.0,3.5017573699988134,19700,True,182,0.027665600000000005
ASC_n500_R1000_s901,GA-FIX-UX+SWAP,4,158819.0,3.2582510769971122,19700,True,104,0.0035192000000000005
ASC_n500_R1000_s901,GA-FIX-UX+SWAP,5,158814.0,3.12360734899994,19700,True,60,0.005830400000000003
SC_n500_R1000_s900,GA-FIX-1P+BF1,0,157746.0,2.269826052001008,19700,True,32,0.003696800000000001
SC_n500_R1000_s900,GA-FIX-1P+BF1,1,157746.0,2.5378210759990907,19700,True,60,0.0045288
SC_n500_R1000_s900,GA-FIX-1P+BF1,2,157846.0,2.750399134998588,19700,True,136,0.0041752000000000004
SC_n500_R1000_s900,GA-FIX-1P+BF1,3,157746.0,2.4121713700005785,19700,True,36,0.004329600000000001
SC_n500_R1000_s900,GA-FIX-1P+BF1,4,157746.0,2.3663234150008066,19700,True,36,0.0027488000000000005
SC_n500_R1000_s900,GA-FIX-1P+BF1,5,157746.0,2.21828740699857,19700,True,27,0.004026400000000001
SC_n500_R1000_s900,GA-FIX-1P+BF3,0,157946.0,3.262584780000907,19700,True,46,0.009520000000000004
SC_n500_R1000_s900,GA-FIX-1P+BF3,1,157946.0,3.170353718000115,19700,True,46,0.015650400000000005
SC_n500_R1000_s900,GA-FIX-1P+BF3,2,157846.0,1.9673947789997328,19700,True,26,0.013195200000000004
SC_n500_R1000_s900,GA-FIX-1P+BF3,3,157846.0,2.8038578840023547,19700,True,51,0.014137600000000005
SC_n500_R1000_s900,GA-FIX-1P+BF3,4,157946.0,3.1507464070018614,19700,True,45,0.012054400000000005
SC_n500_R1000_s900,GA-FIX-1P+BF3,5,157846.0,2.954082185999141,19700,True,72,0.029219200000000008
SC_n500_R1000_s900,GA-FIX-1P+SWAP,0,157846.0,2.7429063210001914,19700,True,42,0.007845600000000001
SC_n500_R1000_s900,GA-FIX-1P+SWAP,1,157846.0,3.111552369999117,19700,True,41,0.005452000000000002
SC_n500_R1000_s900,GA-FIX-1P+SWAP,2,157846.0,2.9428330260016082,19700,True,34,0.013801600000000002
SC_n500_R1000_s900,GA-FIX-1P+SWAP,3,157846.0,3.233429638999951,19700,True,48,0.005912800000000001
SC_n500_R1000_s900,GA-FIX-1P+SWAP,4,157846.0,3.092648255002132,19700,True,46,0.005715200000000001
SC_n500_R1000_s900,GA-FIX-1P+SWAP,5,157846.0,2.0548698140009947,19700,True,59,0.0060896000000000014
SC_n500_R1000_s900,GA-FIX-2P+BF1,0,157846.0,2.7149456570004986,19700,True,29,0.002807200000000001
SC_n500_R1000_s900,GA-FIX-2P+BF1,1,157846.0,2.612039994000952,19700,True,27,0.0034944000000000012
SC_n500_R1000_s900,GA-FIX-2P+BF1,2,157846.0,2.754735010999866,19700,True,28,0.004600000000000001
SC_n500_R1000_s900,GA-FIX-2P+BF1,3,157846.0,2.0974107360016205,19700,True,28,0.003304000000000002
SC_n500_R1000_s900,GA-FIX-2P+BF1,4,157846.0,2.622472345999995,19700,True,36,0.0025000000000000005
SC_n500_R1000_s900,GA-FIX-2P+BF1,5,157746.0,2.3778468890013755,19700,True,45,0.004032800000000001
SC_n500_R1000_s900,GA-FIX-2P+BF3,0,157946.0,3.2422930100001395,19700,True,54,0.011339200000000006
SC_n500_R1000_s900,GA-FIX-2P+BF3,1,157946.0,3.126462697000534,19700,True,45,0.010919200000000006
SC_n500_R1000_s900,GA-FIX-2P+BF3,2,157946.0,2.3552507480017084,19700,True,58,0.007868000000000003
SC_n500_R1000_s900,GA-FIX-2P+BF3,3,157946.0,3.260917175997747,19700,True,47,0.016447200000000002
SC_n500_R1000_s900,GA-FIX-2P+BF3,4,157946.0,3.223194190002687,19700,True,42,0.009916800000000003
SC_n500_R1000_s900,GA-FIX-2P+BF3,5,157846.0,3.116597347998322,19700,True,31,0.012814400000000007
SC_n500_R1000_s900,GA-FIX-2P+SWAP,0,157846.0,2.792027692001284,19700,True,45,0.007820000000000002
SC_n500_R1000_s900,GA-FIX-2P+SWAP,1,157846.0,2.4402482289988257,19700,True,27,0.006296000000000002
SC_n500_R1000_s900,GA-FIX-2P+SWAP,2,157846.0,3.0450627130012435,19700,True,30,0.008948800000000002
SC_n500_R1000_s900,GA-FIX-2P+SWAP,3,157846.0,2.8738829659996554,19700,True,34,0.006563200000000002
SC_n500_R1000_s900,GA-FIX-2P+SWAP,4,157846.0,3.168338275001588,19700,True,39,0.004779200000000001
SC_n500_R1000_s900,GA-FIX-2P+SWAP,5,157946.0,3.0306378380009846,19700,True,35,0.00572
SC_n500_R1000_s900,GA-FIX-UX+BF1,0,157846.0,2.5551204340008553,19700,True,23,0.004256000000000001
SC_n500_R1000_s900,GA-FIX-UX+BF1,1,157946.0,2.4725139469992428,19700,True,23,0.0023376
SC_n500_R1000_s900,GA-FIX-UX+BF1,2,157946.0,2.3493154240022704,19700,True,25,0.0011768000000000006
SC_n500_R1000_s900,GA-FIX-UX+BF1,3,157946.0,2.964072896000289,19700,True,32,0.0027200000000000006
SC_n500_R1000_s900,GA-FIX-UX+BF1,4,157946.0,2.661282234999817,19700,True,37,0.0012560000000000006
SC_n500_R1000_s900,GA-FIX-UX+BF1,5,157946.0,2.5630141340006958,19700,True,30,0.0007808000000000003
SC_n500_R1000_s900,GA-FIX-UX+BF3,0,157946.0,3.317188133001764,19700,True,43,0.031326400000000004
SC_n500_R1000_s900,GA-FIX-UX+BF3,1,157946.0,3.1147848420005175,19700,True,45,0.054480000000000015
SC_n500_R1000_s900,GA-FIX-UX+BF3,2,157946.0,3.501570829997945,19700,True,41,0.03799600000000001
SC_n500_R1000_s900,GA-FIX-UX+BF3,3,157946.0,2.9847825030010426,19700,True,35,0.02899760000000001
SC_n500_R1000_s900,GA-FIX-UX+BF3,4,157946.0,3.3922003569969092,19700,True,35,0.03248480000000001
SC_n500_R1000_s900,GA-FIX-UX+BF3,5,157946.0,2.8339981899989652,19700,True,21,0.04268400000000001
SC_n500_R1000_s900,GA-FIX-UX+SWAP,0,157946.0,3.4518734449993644,19700,True,34,0.0050464
SC_n500_R1000_s900,GA-FIX-UX+SWAP,1,157946.0,2.235342400999798,19700,True,32,0.0050496000000000004
SC_n500_R1000_s900,GA-FIX-UX+SWAP,2,157946.0,3.2323012980014028,19700,True,35,0.006365600000000001
SC_n500_R1000_s900,GA-FIX-UX+SWAP,3,157946.0,2.9607662460002757,19700,True,45,0.006783200000000001
SC_n500_R1000_s900,GA-FIX-UX+SWAP,4,157946.0,3.2650918349972926,19700,True,34,0.012020000000000003
SC_n500_R1000_s900,GA-FIX-UX+SWAP,5,157946.0,3.2221470039985434,19700,True,33,0.003548800000000001
SC_n500_R1000_s901,GA-FIX-1P+BF1,0,158641.0,2.3039320110001427,19700,True,31,0.004299200000000001
SC_n500_R1000_s901,GA-FIX-1P+BF1,1,158741.0,2.4918704609990527,19700,True,35,0.0032184000000000006
SC_n500_R1000_s901,GA-FIX-1P+BF1,2,158741.0,2.529723854000622,19700,True,57,0.003411200000000002
SC_n500_R1000_s901,GA-FIX-1P+BF1,3,158741.0,2.6105347020020417,19700,True,62,0.0017672
SC_n500_R1000_s901,GA-FIX-1P+BF1,4,158541.0,2.5591859559972363,19700,True,31,0.0033984000000000006
SC_n500_R1000_s901,GA-FIX-1P+BF1,5,158641.0,2.6783776420015784,19700,True,177,0.0037416000000000007
SC_n500_R1000_s901,GA-FIX-1P+BF3,0,158841.0,2.745800827000494,19700,True,53,0.010120800000000006
SC_n500_R1000_s901,GA-FIX-1P+BF3,1,158841.0,2.024300539000251,19700,True,39,0.012124800000000005
SC_n500_R1000_s901,GA-FIX-1P+BF3,2,158841.0,3.08526766200157,19700,True,73,0.012583200000000004
SC_n500_R1000_s901,GA-FIX-1P+BF3,3,158841.0,3.212346663000062,19700,True,63,0.010120000000000004
SC_n500_R1000_s901,GA-FIX-1P+BF3,4,158841.0,3.1270306650003477,19700,True,56,0.011155200000000004
SC_n500_R1000_s901,GA-FIX-1P+BF3,5,158841.0,3.2023096100019757,19700,True,41,0.010372800000000005
SC_n500_R1000_s901,GA-FIX-1P+SWAP,0,158741.0,2.678938675999234,19700,True,38,0.0048208
SC_n500_R1000_s901,GA-FIX-1P+SWAP,1,158741.0,2.722075991998281,19700,True,37,0.004673600000000001
SC_n500_R1000_s901,GA-FIX-1P+SWAP,2,158741.0,3.0590166960028,19700,True,34,0.0056240000000000005
SC_n500_R1000_s901,GA-FIX-1P+SWAP,3,158841.0,2.8418207280010392,19700,True,42,0.0053024000000000005
SC_n500_R1000_s901,GA-FIX-1P+SWAP,4,158841.0,3.117814195997198,19700,True,46,0.004673600000000002
SC_n500_R1000_s901,GA-FIX-1P+SWAP,5,158641.0,2.8920664520010178,19700,True,34,0.009187200000000005
SC_n500_R1000_s901,GA-FIX-2P+BF1,0,158841.0,2.7700943749987346,19700,True,124,0.0022848
SC_n500_R1000_s901,GA-FIX-2P+BF1,1,158741.0,1.6813260269991588,19700,True,36,0.002108000000000001
SC_n500_R1000_s901,GA-FIX-2P+BF1,2,158740.0,2.6995835970010376,19700,True,39,0.0037144000000000014
SC_n500_R1000_s901,GA-FIX-2P+BF1,3,158740.0,2.720025438000448,19700,True,97,0.0027032000000000007
SC_n500_R1000_s901,GA-FIX-2P+BF1,4,158741.0,2.7856304209999507,19700,True,191,0.002077600000000001
SC_n500_R1000_s901,GA-FIX-2P+BF1,5,158841.0,2.004109055000299,19700,True,35,0.0022440000000000008
SC_n500_R1000_s901,GA-FIX-2P+BF3,0,158841.0,3.1273116270022,19700,True,35,0.014295200000000006
SC_n500_R1000_s901,GA-FIX-2P+BF3,1,158841.0,2.9448025040001085,19700,True,50,0.014230400000000006
SC_n500_R1000_s901,GA-FIX-2P+BF3,2,158741.0,3.114744503000111,19700,True,30,0.02467920000000001
SC_n500_R1000_s901,GA-FIX-2P+BF3,3,158841.0,3.1892456670029787,19700,True,37,0.014983200000000006
SC_n500_R1000_s901,GA-FIX-2P+BF3,4,158841.0,3.1921645629990962,19700,True,32,0.011739200000000003
SC_n500_R1000_s901,GA-FIX-2P+BF3,5,158841.0,2.062335525002709,19700,True,40,0.015608000000000006
SC_n500_R1000_s901,GA-FIX-2P+SWAP,0,158839.0,3.089818191001541,19700,True,53,0.0047968
SC_n500_R1000_s901,GA-FIX-2P+SWAP,1,158741.0,3.0162003330005973,19700,True,40,0.006598400000000002
SC_n500_R1000_s901,GA-FIX-2P+SWAP,2,158741.0,2.897712608999427,19700,True,33,0.011787200000000003
SC_n500_R1000_s901,GA-FIX-2P+SWAP,3,158741.0,1.9804171149989998,19700,True,47,0.0066416
SC_n500_R1000_s901,GA-FIX-2P+SWAP,4,158841.0,3.1679221030026383,19700,True,47,0.004663200000000002
SC_n500_R1000_s901,GA-FIX-2P+SWAP,5,158841.0,2.9888589440015494,19700,True,104,0.0030112000000000003
SC_n500_R1000_s901,GA-FIX-UX+BF1,0,158841.0,2.724967801001185,19700,True,23,0.0021096000000000014
SC_n500_R1000_s901,GA-FIX-UX+BF1,1,158841.0,2.8229623359984544,19700,True,51,0.002533600000000001
SC_n500_R1000_s901,GA-FIX-UX+BF1,2,158841.0,2.2240958339971257,19700,True,34,0.0039032000000000003
SC_n500_R1000_s901,GA-FIX-UX+BF1,3,158841.0,2.9339651629998116,19700,True,25,0.0014000000000000006
SC_n500_R1000_s901,GA-FIX-UX+BF1,4,158841.0,2.8349698620004347,19700,True,26,0.002060000000000001
SC_n500_R1000_s901,GA-FIX-UX+BF1,5,158841.0,2.4079880620010954,19700,True,31,0.0015232000000000002
SC_n500_R1000_s901,GA-FIX-UX+BF3,0,158841.0,3.1368284889977076,19700,True,37,0.033652800000000004
SC_n500_R1000_s901,GA-FIX-UX+BF3,1,158841.0,3.3935913400018762,19700,True,34,0.05125680000000001
SC_n500_R1000_s901,GA-FIX-UX+BF3,2,158841.0,2.908474201998615,19700,True,28,0.04950800000000001
SC_n500_R1000_s901,GA-FIX-UX+BF3,3,158841.0,3.3454023849990335,19700,True,31,0.04628240000000001
SC_n500_R1000_s901,GA-FIX-UX+BF3,4,158841.0,3.4096954130000086,19700,True,24,0.03293120000000001
SC_n500_R1000_s901,GA-FIX-UX+BF3,5,158841.0,2.294150814999739,19700,True,33,0.046540800000000014
SC_n500_R1000_s901,GA-FIX-UX+SWAP,0,158841.0,3.1890515769991907,19700,True,29,0.003673600000000001
SC_n500_R1000_s901,GA-FIX-UX+SWAP,1,158841.0,3.0675412000018696,19700,True,31,0.009400000000000004
SC_n500_R1000_s901,GA-FIX-UX+SWAP,2,158841.0,3.2042371749994345,19700,True,31,0.0034224000000000004
SC_n500_R1000_s901,GA-FIX-UX+SWAP,3,158841.0,3.3490150649995485,19700,True,32,0.03909200000000001
SC_n500_R1000_s901,GA-FIX-UX+SWAP,4,158841.0,3.1339352530012548,19700,True,28,0.005879200000000001
SC_n500_R1000_s901,GA-FIX-UX+SWAP,5,158841.0,3.0975191260004067,19700,True,30,0.0078544
UC_n500_R1000_s900,GA-FIX-1P+BF1,0,211986.0,3.0516021879993787,19700,True,44,0.0021744000000000004
UC_n500_R1000_s900,GA-FIX-1P+BF1,1,211986.0,3.1246913409995614,19700,True,43,0.0024168000000000006
UC_n500_R1000_s900,GA-FIX-1P+BF1,2,211981.0,3.7690056749997893,19700,True,36,0.0010232000000000004
UC_n500_R1000_s900,GA-FIX-1P+BF1,3,211986.0,3.6323538739998185,19700,True,45,0.002809600000000001
UC_n500_R1000_s900,GA-FIX-1P+BF1,4,211986.0,3.514313266001409,19700,True,51,0.0010248000000000004
UC_n500_R1000_s900,GA-FIX-1P+BF1,5,211994.0,3.792173523001111,19700,True,112,0.003121600000000001
UC_n500_R1000_s900,GA-FIX-1P+BF3,0,212003.0,3.44093423799859,19700,True,52,0.012460000000000004
UC_n500_R1000_s900,GA-FIX-1P+BF3,1,211994.0,4.35128645900113,19700,True,43,0.013494400000000005
UC_n500_R1000_s900,GA-FIX-1P+BF3,2,212003.0,4.141486697997607,19700,True,104,0.013972000000000005
UC_n500_R1000_s900,GA-FIX-1P+BF3,3,212003.0,3.648253878000105,19700,True,58,0.014226400000000005
UC_n500_R1000_s900,GA-FIX-1P+BF3,4,212003.0,4.230242426998302,19700,True,200,0.009634400000000003
UC_n500_R1000_s900,GA-FIX-1P+BF3,5,211994.0,4.341593319997628,19700,True,44,0.012437600000000004
UC_n500_R1000_s900,GA-FIX-1P+SWAP,0,211994.0,4.113753318000818,19700,True,43,0.004866400000000002
UC_n500_R1000_s900,GA-FIX-1P+SWAP,1,212003.0,4.37168043299971,19700,True,38,0.007895200000000003
UC_n500_R1000_s900,GA-FIX-1P+SWAP,2,211986.0,4.401547224999376,19700,True,50,0.007852000000000001
UC_n500_R1000_s900,GA-FIX-1P+SWAP,3,212003.0,4.435523448999447,19700,True,48,0.005716000000000002
UC_n500_R1000_s900,GA-FIX-1P+SWAP,4,212003.0,3.310435243001848,19700,True,190,0.006565600000000001
UC_n500_R1000_s900,GA-FIX-1P+SWAP,5,212003.0,4.07089506900229,19700,True,143,0.006300000000000001
UC_n500_R1000_s900,GA-FIX-2P+BF1,0,211981.0,3.155136499000946,19700,True,44,0.0013352000000000004
UC_n500_R1000_s900,GA-FIX-2P+BF1,1,211981.0,3.6475209669988544,19700,True,32,0.0009456000000000002
UC_n500_R1000_s900,GA-FIX-2P+BF1,2,211986.0,3.416220900002372,19700,True,35,0.0017360000000000003
UC_n500_R1000_s900,GA-FIX-2P+BF1,3,211986.0,3.6738674099979107,19700,True,34,0.0017328000000000005
UC_n500_R1000_s900,GA-FIX-2P+BF1,4,211981.0,3.655627493000793,19700,True,38,0.0014968000000000004
UC_n500_R1000_s900,GA-FIX-2P+BF1,5,211986.0,2.9386768499971367,19700,True,44,0.003739200000000001
UC_n500_R1000_s900,GA-FIX-2P+BF3,0,211986.0,4.547880180998618,19700,True,125,0.013575200000000004
UC_n500_R1000_s900,GA-FIX-2P+BF3,1,212003.0,3.414692639998975,19700,True,36,0.013792800000000004
UC_n500_R1000_s900,GA-FIX-2P+BF3,2,212003.0,4.328258012999868,19700,True,52,0.009092000000000005
UC_n500_R1000_s900,GA-FIX-2P+BF3,3,212003.0,4.585589307000191,19700,True,93,0.017299200000000008
UC_n500_R1000_s900,GA-FIX-2P+BF3,4,211986.0,4.467197531001148,19700,True,61,0.010105600000000003
UC_n500_R1000_s900,GA-FIX-2P+BF3,5,212003.0,4.1845962580009655,19700,True,42,0.014596000000000005
UC_n500_R1000_s900,GA-FIX-2P+SWAP,0,212003.0,4.30308027099818,19700,True,36,0.006505600000000002
UC_n500_R1000_s900,GA-FIX-2P+SWAP,1,212003.0,3.126474369000789,19700,True,109,0.008536800000000002
UC_n500_R1000_s900,GA-FIX-2P+SWAP,2,211986.0,3.53576142500242,19700,True,48,0.010304800000000005
UC_n500_R1000_s900,GA-FIX-2P+SWAP,3,212003.0,3.9466647549998015,19700,True,52,0.0056120000000000015
UC_n500_R1000_s900,GA-FIX-2P+SWAP,4,212003.0,4.338366545001918,19700,True,58,0.007238400000000003
UC_n500_R1000_s900,GA-FIX-2P+SWAP,5,212003.0,4.414892980999866,19700,True,183,0.006414400000000002
UC_n500_R1000_s900,GA-FIX-UX+BF1,0,211985.0,3.4171314960003656,19700,True,27,0.0017280000000000004
UC_n500_R1000_s900,GA-FIX-UX+BF1,1,211981.0,3.7525341639993712,19700,True,26,0.003055200000000001
UC_n500_R1000_s900,GA-FIX-UX+BF1,2,211961.0,3.0186320649991103,19700,True,27,0.0014208000000000005
UC_n500_R1000_s900,GA-FIX-UX+BF1,3,211986.0,3.6484998510022706,19700,True,26,0.0016440000000000007
UC_n500_R1000_s900,GA-FIX-UX+BF1,4,211994.0,3.5266340369998943,19700,True,32,0.0014208000000000005
UC_n500_R1000_s900,GA-FIX-UX+BF1,5,211981.0,3.9092987320000248,19700,True,24,0.0008680000000000003
UC_n500_R1000_s900,GA-FIX-UX+BF3,0,211994.0,4.035197486999095,19700,True,27,0.010814400000000005
UC_n500_R1000_s900,GA-FIX-UX+BF3,1,212003.0,4.015698674000305,19700,True,50,0.011389600000000005
UC_n500_R1000_s900,GA-FIX-UX+BF3,2,212003.0,4.4100077520015475,19700,True,133,0.014456800000000004
UC_n500_R1000_s900,GA-FIX-UX+BF3,3,212003.0,4.53992649599968,19700,True,35,0.012920000000000004
UC_n500_R1000_s900,GA-FIX-UX+BF3,4,211994.0,3.9997166880020814,19700,True,29,0.013137600000000004
UC_n500_R1000_s900,GA-FIX-UX+BF3,5,212003.0,3.890340821999416,19700,True,54,0.013988000000000007
UC_n500_R1000_s900,GA-FIX-UX+SWAP,0,212003.0,3.710052820999408,19700,True,32,0.005956000000000001
UC_n500_R1000_s900,GA-FIX-UX+SWAP,1,211994.0,4.441851065999799,19700,True,28,0.0054128000000000015
UC_n500_R1000_s900,GA-FIX-UX+SWAP,2,212003.0,4.355952745001559,19700,True,28,0.007763200000000002
UC_n500_R1000_s900,GA-FIX-UX+SWAP,3,211994.0,3.9221241679988452,19700,True,28,0.0055112000000000026
UC_n500_R1000_s900,GA-FIX-UX+SWAP,4,212003.0,4.048956825001369,19700,True,135,0.005460800000000002
UC_n500_R1000_s900,GA-FIX-UX+SWAP,5,212003.0,3.5512659340020036,19700,True,61,0.007773600000000003
UC_n500_R1000_s901,GA-FIX-1P+BF1,0,192756.0,3.7107643650015234,19700,True,48,0.00047520000000000017
UC_n500_R1000_s901,GA-FIX-1P+BF1,1,192743.0,3.484247669999604,19700,True,43,0.0007920000000000003
UC_n500_R1000_s901,GA-FIX-1P+BF1,2,192756.0,3.7108785590025946,19700,True,30,0.0012672000000000004
UC_n500_R1000_s901,GA-FIX-1P+BF1,3,192756.0,3.6534707920000073,19700,True,43,0.002122400000000001
UC_n500_R1000_s901,GA-FIX-1P+BF1,4,192762.0,3.596303999001975,19700,True,186,0.0014776000000000004
UC_n500_R1000_s901,GA-FIX-1P+BF1,5,192743.0,2.8060814870004833,19700,True,33,0.002432800000000001
UC_n500_R1000_s901,GA-FIX-1P+BF3,0,192756.0,4.280122993000987,19700,True,38,0.012006400000000006
UC_n500_R1000_s901,GA-FIX-1P+BF3,1,192756.0,3.82836925599986,19700,True,43,0.010914400000000005
UC_n500_R1000_s901,GA-FIX-1P+BF3,2,192756.0,3.3837014790005924,19700,True,42,0.009684000000000005
UC_n500_R1000_s901,GA-FIX-1P+BF3,3,192743.0,4.2509086830032174,19700,True,37,0.011288000000000006
UC_n500_R1000_s901,GA-FIX-1P+BF3,4,192762.0,4.249656469997717,19700,True,186,0.012041600000000003
UC_n500_R1000_s901,GA-FIX-1P+BF3,5,192743.0,3.874177306999627,19700,True,45,0.013036000000000006
UC_n500_R1000_s901,GA-FIX-1P+SWAP,0,192756.0,4.094613752000441,19700,True,34,0.006933600000000002
UC_n500_R1000_s901,GA-FIX-1P+SWAP,1,192756.0,4.26348564699947,19700,True,157,0.011004000000000002
UC_n500_R1000_s901,GA-FIX-1P+SWAP,2,192756.0,4.287837496001885,19700,True,40,0.005771200000000002
UC_n500_R1000_s901,GA-FIX-1P+SWAP,3,192756.0,3.0711879070004215,19700,True,80,0.008084000000000003
UC_n500_R1000_s901,GA-FIX-1P+SWAP,4,192743.0,4.200526255001023,19700,True,52,0.006016800000000003
UC_n500_R1000_s901,GA-FIX-1P+SWAP,5,192743.0,3.8245795510010794,19700,True,44,0.007248000000000003
UC_n500_R1000_s901,GA-FIX-2P+BF1,0,192756.0,3.691373581001244,19700,True,118,0.002198400000000001
UC_n500_R1000_s901,GA-FIX-2P+BF1,1,192756.0,3.049884572999872,19700,True,29,0.0013432000000000003
UC_n500_R1000_s901,GA-FIX-2P+BF1,2,192743.0,2.9654000899972743,19700,True,42,0.0018896000000000006
UC_n500_R1000_s901,GA-FIX-2P+BF1,3,192743.0,3.5961123859997315,19700,True,69,0.0015016000000000003
UC_n500_R1000_s901,GA-FIX-2P+BF1,4,192707.0,3.781487334999838,19700,True,35,0.0007128000000000003
UC_n500_R1000_s901,GA-FIX-2P+BF1,5,192743.0,2.667687836998084,19700,True,39,0.0012640000000000006
UC_n500_R1000_s901,GA-FIX-2P+BF3,0,192756.0,4.291227925001294,19700,True,36,0.011951200000000007
UC_n500_R1000_s901,GA-FIX-2P+BF3,1,192745.0,3.7828989230001753,19700,True,165,0.011573600000000007
UC_n500_R1000_s901,GA-FIX-2P+BF3,2,192756.0,4.3160229550012446,19700,True,37,0.009208000000000004
UC_n500_R1000_s901,GA-FIX-2P+BF3,3,192743.0,3.6067047140022623,19700,True,38,0.014500000000000008
UC_n500_R1000_s901,GA-FIX-2P+BF3,4,192756.0,4.257794295997883,19700,True,75,0.009000000000000003
UC_n500_R1000_s901,GA-FIX-2P+BF3,5,192743.0,4.283838570001535,19700,True,38,0.019115200000000006
UC_n500_R1000_s901,GA-FIX-2P+SWAP,0,192756.0,3.914887158000056,19700,True,38,0.006398400000000002
UC_n500_R1000_s901,GA-FIX-2P+SWAP,1,192743.0,3.9158625379968726,19700,True,41,0.007334400000000003
UC_n500_R1000_s901,GA-FIX-2P+SWAP,2,192756.0,3.3024238419966423,19700,True,89,0.006427200000000002
UC_n500_R1000_s901,GA-FIX-2P+SWAP,3,192756.0,4.210514544000034,19700,True,105,0.0078080000000000024
UC_n500_R1000_s901,GA-FIX-2P+SWAP,4,192756.0,4.24694750100025,19700,True,75,0.006629600000000002
UC_n500_R1000_s901,GA-FIX-2P+SWAP,5,192743.0,3.793372725998779,19700,True,32,0.006040000000000003
UC_n500_R1000_s901,GA-FIX-UX+BF1,0,192756.0,3.429830053002661,19700,True,63,0.0015776000000000008
UC_n500_R1000_s901,GA-FIX-UX+BF1,1,192743.0,3.71730910700353,19700,True,27,0.0032992000000000017
UC_n500_R1000_s901,GA-FIX-UX+BF1,2,192756.0,3.6081528240029,19700,True,25,0.0009504000000000004
UC_n500_R1000_s901,GA-FIX-UX+BF1,3,192745.0,3.706368923001719,19700,True,27,0.00039600000000000014
UC_n500_R1000_s901,GA-FIX-UX+BF1,4,192756.0,3.658228300999326,19700,True,28,0.0019784000000000013
UC_n500_R1000_s901,GA-FIX-UX+BF1,5,192743.0,3.4581843970008777,19700,True,26,0.0
UC_n500_R1000_s901,GA-FIX-UX+BF3,0,192762.0,3.2837146740021126,19700,True,63,0.017008800000000008
UC_n500_R1000_s901,GA-FIX-UX+BF3,1,192756.0,3.9579790349998802,19700,True,39,0.012056800000000005
UC_n500_R1000_s901,GA-FIX-UX+BF3,2,192743.0,3.9833724070012977,19700,True,32,0.009820000000000004
UC_n500_R1000_s901,GA-FIX-UX+BF3,3,192756.0,4.294366154001182,19700,True,30,0.011453600000000005
UC_n500_R1000_s901,GA-FIX-UX+BF3,4,192756.0,4.360139364001952,19700,True,28,0.011680000000000005
UC_n500_R1000_s901,GA-FIX-UX+BF3,5,192756.0,4.327009718999761,19700,True,32,0.010391200000000005
UC_n500_R1000_s901,GA-FIX-UX+SWAP,0,192756.0,4.194141513002251,19700,True,27,0.006198400000000003
UC_n500_R1000_s901,GA-FIX-UX+SWAP,1,192743.0,3.7484427050003433,19700,True,27,0.005480000000000002
UC_n500_R1000_s901,GA-FIX-UX+SWAP,2,192756.0,3.6780584049993195,19700,True,33,0.004840000000000001
UC_n500_R1000_s901,GA-FIX-UX+SWAP,3,192762.0,3.0186348450006335,19700,True,164,0.005446400000000001
UC_n500_R1000_s901,GA-FIX-UX+SWAP,4,192743.0,2.8906581859992,19700,True,32,0.006073600000000003
UC_n500_R1000_s901,GA-FIX-UX+SWAP,5,192762.0,2.468790834001993,19700,True,189,0.012342400000000003
