instance,family,class,n,m,optimum_file,greedy,t_greedy,ub_lp,f_n,f_m,f_tightness,f_corr_vw,f_cv_ratio,f_cv_w,f_cv_v,f_greedy_gap_ub,milp,t_milp,milp_status,milp_bound
OR5x100-0.25_1.dat,orlib-mkp,MKP-OR5x100,100,5,,22502.0,0.0007960270013427362,24585.902722021354,100,5,0.25000495577750453,0.5669168903928413,0.23951844142502468,0.22759502022401787,0.22434848369340185,0.08476006537497696,24381.0,17.575658563997422,optimal,24381.000000000022
OR5x100-0.25_10.dat,orlib-mkp,MKP-OR5x100,100,5,,23718.0,0.0011312999995425344,24635.69188885087,100,5,0.2500009892890923,0.5878555174211081,0.23597720268739697,0.2243274174597138,0.23847368455239204,0.03725050195428774,24411.0,15.97220607500276,optimal,24411.000000000055
OR5x100-0.25_2.dat,orlib-mkp,MKP-OR5x100,100,5,,23970.0,0.0010365339985582978,24538.208990401647,100,5,0.2500010952177111,0.6642868308086568,0.2808362095729631,0.25596713605603016,0.24006384176966608,0.023156090594220097,24274.0,11.193929021999793,optimal,24274.0
OR5x100-0.25_3.dat,orlib-mkp,MKP-OR5x100,100,5,,22584.0,0.0009609900007490069,23895.82892831534,100,5,0.2500021157603193,0.5922562488285752,0.26669683032136315,0.23870531107535767,0.24625011812083403,0.05489782054645062,23551.0,36.61317402400164,optimal,23551.00000000001
OR5x100-0.25_4.dat,orlib-mkp,MKP-OR5x100,100,5,,19627.0,0.0011837559977720957,23724.138568006914,100,5,0.2500068056390286,0.6884274421749051,0.22626557434479488,0.26075282421662566,0.26133832121067113,0.1726991501192837,23534.0,58.34508815500158,optimal,23534.000000000004
OR5x100-0.25_5.dat,orlib-mkp,MKP-OR5x100,100,5,,22026.0,0.0038820430017949548,24223.03031716978,100,5,0.2500017648771813,0.6467417645046662,0.26032440737387746,0.25503510806648005,0.2427769975920738,0.09070006057881541,23991.0,32.00226287600162,optimal,23991.0
OR5x100-0.25_6.dat,orlib-mkp,MKP-OR5x100,100,5,,24042.0,0.0010591169993858784,24884.23704580072,100,5,0.2500068575243114,0.6651951471755709,0.22404622982917763,0.2580625090869555,0.24669076397469392,0.03384620730989422,24613.0,9.955055329999595,optimal,24613.000000000004
OR5x100-0.25_7.dat,orlib-mkp,MKP-OR5x100,100,5,,24459.0,0.001093336999474559,25793.401838276528,100,5,0.2500019199857639,0.5854609988768823,0.2553760599659614,0.2573234209311031,0.22717261093659596,0.0517342321359225,25591.0,11.8651181560017,optimal,25590.999999999996
OR5x100-0.25_8.dat,orlib-mkp,MKP-OR5x100,100,5,,22425.0,0.0009918119976646267,23657.882200654592,100,5,0.25000098359281286,0.6911011702099531,0.22501040448554083,0.23809068055565413,0.25158766623414364,0.0521129571192336,23410.0,29.563333996000438,optimal,23410.000000000004
OR5x100-0.25_9.dat,orlib-mkp,MKP-OR5x100,100,5,,20921.0,0.0010352720019000117,24445.615445372474,100,5,0.25000378044545873,0.6800812507082553,0.23431511216518547,0.26721446612650135,0.26174304780511376,0.1441819067001514,24216.0,15.34124955200241,optimal,24216.0
OR5x100-0.50_1.dat,orlib-mkp,MKP-OR5x100,100,5,,42231.0,0.0010896499989030417,42939.522302088,100,5,0.500010057427455,0.7637718797473019,0.2467156341505596,0.2827317770043617,0.2854059142651562,0.016500470058875043,42757.0,4.698873540000932,optimal,42757.0
OR5x100-0.50_10.dat,orlib-mkp,MKP-OR5x100,100,5,,43364.0,0.0014004999975441024,44796.6256454586,100,5,0.500002218032605,0.6203595819208307,0.2843651368169566,0.2726007631478231,0.24516482833457892,0.03198065981123365,44554.0,20.947320808998484,optimal,44553.999999999985
OR5x100-0.50_2.dat,orlib-mkp,MKP-OR5x100,100,5,,40819.0,0.0011020780002581887,42706.70209522877,100,5,0.5000039918195358,0.6653459470936417,0.24686503363370563,0.24210343558777384,0.2740299660247358,0.044201542208047645,42545.0,29.00276047400257,optimal,42545.00000000001
OR5x100-0.50_3.dat,orlib-mkp,MKP-OR5x100,100,5,,40905.0,0.0010609569981170353,42165.187167667085,100,5,0.5000063529614935,0.6535363879683753,0.2469884026001495,0.2592644801096357,0.23969979582758652,0.02988691032381842,41968.0,60.01549458199952,limite de temps,42056.0
OR5x100-0.50_4.dat,orlib-mkp,MKP-OR5x100,100,5,,43836.0,0.0010820609968504868,45347.07405724299,100,5,0.5000062867874352,0.6211968580140808,0.2639631792254042,0.27167612587761397,0.25184229717221984,0.033322415804281406,45090.0,35.72008190899942,optimal,45090.00000000004
OR5x100-0.50_5.dat,orlib-mkp,MKP-OR5x100,100,5,,40885.0,0.001128791001974605,42434.12253652906,100,5,0.5000081479001633,0.6520145132256249,0.2378875316101071,0.2643459573422159,0.25740235914634,0.03650652927241538,42218.0,48.8712324190019,optimal,42218.00000000001
OR5x100-0.50_6.dat,orlib-mkp,MKP-OR5x100,100,5,,42030.0,0.001108173997636186,43082.23101863633,100,5,0.5000065054515964,0.6079432218211195,0.2575098970324729,0.2580586037401252,0.26479740356749887,0.02442378200379554,42927.0,3.2957952350006963,optimal,42927.0
OR5x100-0.50_7.dat,orlib-mkp,MKP-OR5x100,100,5,,40309.0,0.0005982379989291076,42190.59780570229,100,5,0.5000063580955982,0.6852546609654266,0.2282178520113963,0.2819712299267965,0.2730743108173371,0.04459756210062469,42009.0,4.0752064469998,optimal,42009.00000000003
OR5x100-0.50_8.dat,orlib-mkp,MKP-OR5x100,100,5,,44053.0,0.0017115810005634557,45265.473429539175,100,5,0.5000062428114027,0.6381734801922136,0.2292760620514423,0.2507462951327431,0.24540516528045703,0.0267858333885876,45020.0,50.64647705000243,optimal,45019.999999999985
OR5x100-0.50_9.dat,orlib-mkp,MKP-OR5x100,100,5,,42169.0,0.0011415159970056266,43567.49123721634,100,5,0.5000040145026258,0.7171897850280466,0.2234005611299893,0.2636205720450953,0.2685539749676465,0.03209942086409867,43441.0,4.185230184997636,optimal,43441.000000000255
OR5x100-0.75_1.dat,orlib-mkp,MKP-OR5x100,100,5,,58928.0,0.001060354999935953,60016.55516088342,100,5,0.75000212692962,0.6435919726415457,0.25435335302307294,0.26586661587948385,0.2705238399477904,0.01813758150505948,59822.0,3.5387537220012746,optimal,59822.0
OR5x100-0.75_10.dat,orlib-mkp,MKP-OR5x100,100,5,,59650.0,0.0011561420033103786,60242.912600196585,100,5,0.7500042853737834,0.6728933054027292,0.22137556440364803,0.2510709936006422,0.2647517906387964,0.00984203078180271,59965.0,19.721799228002055,optimal,59965.0
OR5x100-0.75_2.dat,orlib-mkp,MKP-OR5x100,100,5,,60952.0,0.0011293870011286344,62228.22115553591,100,5,0.7500050683651185,0.6823518534932314,0.2247243396960286,0.24864587289981668,0.24301534840515376,0.02050871986756728,62081.0,11.401618324001902,optimal,62081.0
OR5x100-0.75_3.dat,orlib-mkp,MKP-OR5x100,100,5,,59125.0,0.0012717660029011313,59963.295742923365,100,5,0.749997949310095,0.6343493927830223,0.24607936409730216,0.26373529221595415,0.2500659663378022,0.013980147897762894,59802.0,14.751985394999792,optimal,59802.0
OR5x100-0.75_4.dat,orlib-mkp,MKP-OR5x100,100,5,,59997.0,0.0012168410030426458,60644.210021264626,100,5,0.7500057460823271,0.6865248905295501,0.2730531788006465,0.2807819456447699,0.26226254013170336,0.010672247540823505,60479.0,27.23136065899962,optimal,60479.0
OR5x100-0.75_5.dat,orlib-mkp,MKP-OR5x100,100,5,,60746.0,0.0011589509995246772,61338.95918218699,100,5,0.7500041938871194,0.6732429678338514,0.25669436232505105,0.27956082242847263,0.24882521376185784,0.009666926046557174,61091.0,8.811012038000626,optimal,61091.0
OR5x100-0.75_6.dat,orlib-mkp,MKP-OR5x100,100,5,,58358.0,0.0011509309988468885,59161.86813069532,100,5,0.750002402118535,0.6902498601137679,0.2546459639116409,0.274492723896463,0.28459833637925913,0.013587605599598134,58959.0,11.434970147001877,optimal,58959.0
OR5x100-0.75_7.dat,orlib-mkp,MKP-OR5x100,100,5,,60776.0,0.0008497150010953192,61696.08088007535,100,5,0.7500048398562364,0.6842334889531528,0.2584800005905347,0.2429020361913011,0.24992100657749058,0.014913117121066433,61538.0,3.7795830219984055,optimal,61538.0
OR5x100-0.75_8.dat,orlib-mkp,MKP-OR5x100,100,5,,59696.0,0.0010517860027903225,61727.45540851005,100,5,0.750006040499672,0.6311683151984413,0.23602548304188223,0.25373876988772665,0.2458954749223741,0.032910078587655295,61520.0,4.672500119999313,optimal,61520.00000000003
OR5x100-0.75_9.dat,orlib-mkp,MKP-OR5x100,100,5,,58112.0,0.0014792660003877245,59618.006303703834,100,5,0.7500010082229513,0.6532093589916822,0.23092756513398924,0.23916754328242595,0.2575469967701942,0.02526093033088012,59453.0,3.865030881999701,optimal,59453.000000000015
OR10x100-0.25_1.dat,orlib-mkp,MKP-OR10x100,100,10,,21535.0,0.001046471003064653,23480.639351670034,100,10,0.250004533653086,0.5491193804404823,0.23344407417814197,0.1978145517269947,0.23959281266393193,0.0828614299010411,23064.0,60.01339990300039,limite de temps,23347.0
OR10x100-0.25_10.dat,orlib-mkp,MKP-OR10x100,100,10,,22039.0,0.0011178989989275578,23090.58425222369,100,10,0.25000363202863646,0.5476272415753768,0.19778595572717775,0.18222630507699172,0.21816573874419595,0.045541690965330096,22702.0,60.01121370399778,limite de temps,22894.0
OR10x100-0.25_2.dat,orlib-mkp,MKP-OR10x100,100,10,,21156.0,0.000825397000880912,23220.68577706711,100,10,0.25000056097336065,0.5599812268745111,0.2148621834724896,0.19106434108416867,0.22577213229577872,0.08891579675507279,22750.0,60.0079593440023,limite de temps,23087.0
OR10x100-0.25_3.dat,orlib-mkp,MKP-OR10x100,100,10,,19942.0,0.0010605130009935237,22493.743573303043,100,10,0.25000662813782204,0.6521656121981108,0.19792612588718966,0.19118327243771988,0.23615323500627014,0.11344236965213782,22131.0,60.008977655998024,limite de temps,22337.0
OR10x100-0.25_4.dat,orlib-mkp,MKP-OR10x100,100,10,,20534.0,0.0011240179992455523,23087.472427317825,100,10,0.25000187035984744,0.5424041153923982,0.1946397871392685,0.16676320393364957,0.21412281967841074,0.11059991237050602,22772.0,60.00966497899935,limite de temps,22990.0
OR10x100-0.25_5.dat,orlib-mkp,MKP-OR10x100,100,10,,20867.0,0.0010019699984695762,23073.878253808274,100,10,0.2500016138096432,0.5350953885554284,0.20788621423526032,0.18482956225995087,0.2256443544051693,0.09564401049242927,22751.0,49.90345295299994,optimal,22750.999999999996
OR10x100-0.25_6.dat,orlib-mkp,MKP-OR10x100,100,10,,21451.0,0.0010908139993262012,23053.4873441764,100,10,0.2500004189209274,0.5661067764887758,0.2035176713629235,0.17161897829561357,0.2193374002481188,0.06951171075560539,22716.0,60.00593584700255,limite de temps,23001.0
OR10x100-0.25_7.dat,orlib-mkp,MKP-OR10x100,100,10,,20696.0,0.0010849020000023302,22257.79259890281,100,10,0.24999883440086762,0.567458789843029,0.21604645951063686,0.20176432846760403,0.2348162501659296,0.07016835079053615,21875.0,60.00888351100002,limite de temps,22070.0
OR10x100-0.25_8.dat,orlib-mkp,MKP-OR10x100,100,10,,20588.0,0.001356739998300327,22964.168710885846,100,10,0.25000244717882475,0.48921996748085095,0.2209160660135095,0.19278800781877317,0.23158723624262054,0.10347288163579185,22551.0,60.00779797699943,limite de temps,22807.0
OR10x100-0.25_9.dat,orlib-mkp,MKP-OR10x100,100,10,,20234.0,0.0009932370012393221,22882.4377961237,100,10,0.25000256380908764,0.5213729855978813,0.23896189853311264,0.20241174640149798,0.2330909244516705,0.11574106831276289,22423.0,60.00902259600116,limite de temps,22708.0
OR5x250-0.25_1.dat,orlib-mkp,MKP-OR5x250,250,5,,55878.0,0.0024714399987715296,59442.47029270049,250,5,0.250002056715198,0.6341145118417191,0.2603490223301848,0.25274922152336604,0.26636818817738206,0.059965043093745826,59243.0,60.00770530899899,limite de temps,59402.0
OR5x250-0.25_10.dat,orlib-mkp,MKP-OR5x250,250,5,,56495.0,0.002243823000753764,59050.4736182838,250,5,0.25000314403274065,0.7319865036798553,0.2456902125049906,0.2688091703056889,0.2674961199643185,0.043276090125931706,58869.0,60.005694944000425,limite de temps,59036.0
OR5x250-0.25_2.dat,orlib-mkp,MKP-OR5x250,250,5,,58102.0,0.0029853939995518886,61629.33600383675,250,5,0.25000246310222884,0.6222481477555546,0.24524748946922043,0.25260798869735973,0.24635545755788155,0.05723469101820522,61468.0,60.01624863300094,limite de temps,61587.0
OR5x250-0.25_3.dat,orlib-mkp,MKP-OR5x250,250,5,,60815.0,0.0036537449996103533,62259.54463651344,250,5,0.2500020196868032,0.604952979411846,0.25073380710193327,0.2603205311817368,0.24351138348508725,0.023201978828259164,62050.0,60.009919012001774,limite de temps,62219.0
OR5x250-0.25_4.dat,orlib-mkp,MKP-OR5x250,250,5,,54917.0,0.002393989998381585,59578.227593098265,250,5,0.2500004140588475,0.740234334541929,0.24371252014583863,0.27213258905935933,0.2872427989867366,0.07823709736605586,59424.0,60.005980619000184,limite de temps,59559.0
OR5x250-0.25_5.dat,orlib-mkp,MKP-OR5x250,250,5,,57028.0,0.001989581000088947,59078.36643133077,250,5,0.24999961999923262,0.6724777749887101,0.2729121271635623,0.2563209724408836,0.25115226337094815,0.034705875520678,58933.0,60.00953700199898,limite de temps,59054.0
OR5x250-0.25_6.dat,orlib-mkp,MKP-OR5x250,250,5,,57526.0,0.002409953998721903,60238.93373884298,250,5,0.24999960041591293,0.664240058800318,0.24825957659144757,0.25514951367199384,0.26250977316202195,0.04503621778241464,60033.0,60.00535930700062,limite de temps,60206.0
OR5x250-0.25_7.dat,orlib-mkp,MKP-OR5x250,250,5,,58129.0,0.0025135670002782717,60525.76683341332,250,5,0.2500003842780044,0.7344719547320977,0.22404849959617695,0.27250775485149303,0.26299595162050815,0.03959911553058063,60386.0,60.008550206999644,limite de temps,60498.0
OR5x250-0.25_8.dat,orlib-mkp,MKP-OR5x250,250,5,,58524.0,0.0024140620007528923,61638.39957329196,250,5,0.25000111480365406,0.6671757262502299,0.2243704733789505,0.24385027650123156,0.24946917469470342,0.050526937669572995,61440.0,60.00496074200055,limite de temps,61606.0
OR5x250-0.25_9.dat,orlib-mkp,MKP-OR5x250,250,5,,59929.0,0.002308417999302037,62032.594706019365,250,5,0.24999998819884445,0.7218597307609446,0.2579437054086672,0.29226788255815433,0.2803730623564152,0.03391111908164695,61870.0,60.009438088000024,limite de temps,61987.0
weing1.dat,orlib-mkp,MKP-weing,28,2,141278.0,139278.0,0.00029531900145229883,142019.0,28,2,0.5681742043551088,0.5239621284962062,1.9600946820333682,0.9379806825137482,1.370366638501799,0.019300234475668747,141278.0,0.032653461003064876,optimal,141278.0
weing2.dat,orlib-mkp,MKP-weing,28,2,130883.0,121880.0,0.0003206950023013633,131637.47999999998,28,2,0.47347850362925736,0.5239621284962062,1.960094682033368,0.9379806825137482,1.370366638501799,0.07412387414283518,130883.0,0.013420171999314334,optimal,130883.0
weing3.dat,orlib-mkp,MKP-weing,28,2,95677.0,93278.0,0.0003386610005691182,99647.07921568627,28,2,0.2840871021775544,0.5239621284962062,1.9600946820333682,0.9379806825137482,1.370366638501799,0.06391636629810685,95677.0,0.034644035000383155,optimal,95677.0
weing4.dat,orlib-mkp,MKP-weing,28,2,119337.0,119337.0,0.0003647999983513728,122505.24922696351,28,2,0.4348408710217755,0.5239621284962062,2.135783465727094,0.9379806825137482,1.370366638501799,0.02586215078093304,119337.0,0.01450539700090303,optimal,119337.0
weing5.dat,orlib-mkp,MKP-weing,28,2,98796.0,95627.0,0.00038936200144235045,100433.152,28,2,0.41742043551088776,0.5239621284962062,1.796171604044561,0.9379806825137482,1.370366638501799,0.0478542384092456,98796.0,0.011798857001849683,optimal,98796.0
weing6.dat,orlib-mkp,MKP-weing,28,2,130623.0,128322.0,0.00032705299963708967,131335.0,28,2,0.4995265214963707,0.5239621284962062,1.9293394850546026,0.9379806825137482,1.370366638501799,0.02294133323181178,130623.0,0.01236464999965392,optimal,130623.0
weing7.dat,orlib-mkp,MKP-weing,105,2,1095445.0,1090337.0,0.001087232001736993,1095721.2,105,2,0.8170390067557309,0.21683703548180938,2.1023625902195056,1.0904469509921573,1.4008187552093492,0.004913841221653787,1095445.0,0.04064861799997743,optimal,1095445.0
weing8.dat,orlib-mkp,MKP-weing,105,2,624319.0,620060.0,0.001208106998092262,628773.6830769231,105,2,0.13617316779262184,0.21683703548180938,2.102362590219506,1.0904469509921573,1.4008187552093492,0.013858218483767415,624319.0,0.11771076900186017,optimal,624319.0000000001
