instance,method,seed,value,time,evaluations,feasible,gen_to_best,final_diversity,reference,gap_pct,optimal_hit,family,class,n,m
ASC_n500_R1000_s900,GA,0,157900.0,2.530861189999996,19700,True,44,0.003217600000000001,158031.0,0.08289512817105504,False,pisinger-gen,ASC,500,1
ASC_n500_R1000_s900,GA,1,157911.0,2.6056581339980767,19700,True,192,0.0084192,158031.0,0.07593446855363821,False,pisinger-gen,ASC,500,1
ASC_n500_R1000_s900,GA,2,157916.0,2.5390091799999936,19700,True,105,0.0030688000000000013,158031.0,0.07277053236390328,False,pisinger-gen,ASC,500,1
ASC_n500_R1000_s900,GA,3,157823.0,1.6333047820007778,19700,True,146,0.0041272,158031.0,0.1316197454929729,False,pisinger-gen,ASC,500,1
ASC_n500_R1000_s900,GA,4,157916.0,2.4960921250021784,19700,True,61,0.0017056000000000003,158031.0,0.07277053236390328,False,pisinger-gen,ASC,500,1
ASC_n500_R1000_s900,GA,5,157912.0,2.6721570279987645,19700,True,103,0.0028504000000000003,158031.0,0.07530168131569122,False,pisinger-gen,ASC,500,1
ASC_n500_R1000_s900,GA-QL,0,157907.0,2.795694750999246,19700,True,27,0.013784800000000007,158031.0,0.07846561750542615,False,pisinger-gen,ASC,500,1
ASC_n500_R1000_s900,GA-QL,1,158019.0,2.090786378001212,19700,True,69,0.00264,158031.0,0.007593446855363821,False,pisinger-gen,ASC,500,1
ASC_n500_R1000_s900,GA-QL,2,158019.0,3.045977412999491,19700,True,97,0.009615200000000004,158031.0,0.007593446855363821,False,pisinger-gen,ASC,500,1
ASC_n500_R1000_s900,GA-QL,3,157921.0,3.0607277339986467,19700,True,81,0.011446400000000006,158031.0,0.06960659617416835,False,pisinger-gen,ASC,500,1
ASC_n500_R1000_s900,GA-QL,4,158020.0,3.11987866599884,19700,True,161,0.002088800000000001,158031.0,0.006960659617416836,False,pisinger-gen,ASC,500,1
ASC_n500_R1000_s900,GA-QL,5,158024.0,3.125568983999983,19700,True,129,0.011351200000000004,158031.0,0.004429510665628896,False,pisinger-gen,ASC,500,1
ASC_n500_R1000_s900,GA-QL-a,0,157916.0,2.878632608000771,19700,True,156,0.017762400000000008,158031.0,0.07277053236390328,False,pisinger-gen,ASC,500,1
ASC_n500_R1000_s900,GA-QL-a,1,158026.0,3.0352632320027624,19700,True,63,0.004080000000000002,158031.0,0.0031639361897349253,False,pisinger-gen,ASC,500,1
ASC_n500_R1000_s900,GA-QL-a,2,158019.0,2.1699143779987935,19700,True,198,0.013818400000000005,158031.0,0.007593446855363821,False,pisinger-gen,ASC,500,1
ASC_n500_R1000_s900,GA-QL-a,3,158017.0,2.2430040710023604,19700,True,58,0.007815200000000001,158031.0,0.008859021331257792,False,pisinger-gen,ASC,500,1
ASC_n500_R1000_s900,GA-QL-a,4,157920.0,3.033490193000034,19700,True,89,0.008844800000000003,158031.0,0.07023938341211534,False,pisinger-gen,ASC,500,1
ASC_n500_R1000_s900,GA-QL-a,5,158016.0,2.6658559160023287,19700,True,133,0.0021264,158031.0,0.009491808569204776,False,pisinger-gen,ASC,500,1
ASC_n500_R1000_s900,GA-QL-b,0,157907.0,3.021541481000895,19700,True,27,0.013784800000000007,158031.0,0.07846561750542615,False,pisinger-gen,ASC,500,1
ASC_n500_R1000_s900,GA-QL-b,1,158019.0,3.0400554869993357,19700,True,69,0.00264,158031.0,0.007593446855363821,False,pisinger-gen,ASC,500,1
ASC_n500_R1000_s900,GA-QL-b,2,158019.0,2.8875301490006677,19700,True,97,0.009615200000000004,158031.0,0.007593446855363821,False,pisinger-gen,ASC,500,1
ASC_n500_R1000_s900,GA-QL-b,3,157921.0,2.378433945999859,19700,True,81,0.011446400000000006,158031.0,0.06960659617416835,False,pisinger-gen,ASC,500,1
ASC_n500_R1000_s900,GA-QL-b,4,158020.0,3.113188256000285,19700,True,161,0.002088800000000001,158031.0,0.006960659617416836,False,pisinger-gen,ASC,500,1
ASC_n500_R1000_s900,GA-QL-b,5,158024.0,3.048733089999587,19700,True,129,0.009085600000000001,158031.0,0.004429510665628896,False,pisinger-gen,ASC,500,1
ASC_n500_R1000_s900,GA-QL-c,0,157916.0,2.638356052000745,19700,True,189,0.011308800000000004,158031.0,0.07277053236390328,False,pisinger-gen,ASC,500,1
ASC_n500_R1000_s900,GA-QL-c,1,158012.0,2.160703267003555,19700,True,76,0.012424000000000004,158031.0,0.012022957520992717,False,pisinger-gen,ASC,500,1
ASC_n500_R1000_s900,GA-QL-c,2,158018.0,3.180339296999591,19700,True,103,0.007103200000000003,158031.0,0.008226234093310806,False,pisinger-gen,ASC,500,1
ASC_n500_R1000_s900,GA-QL-c,3,157928.0,2.9524440939967462,19700,True,57,0.005868800000000002,158031.0,0.06517708550853947,False,pisinger-gen,ASC,500,1
ASC_n500_R1000_s900,GA-QL-c,4,158020.0,2.776296187999833,19700,True,94,0.010603200000000005,158031.0,0.006960659617416836,False,pisinger-gen,ASC,500,1
ASC_n500_R1000_s900,GA-QL-c,5,158019.0,3.2460282370011555,19700,True,57,0.0021520000000000003,158031.0,0.007593446855363821,False,pisinger-gen,ASC,500,1
ASC_n500_R1000_s900,GA-RAND,0,158018.0,3.0902908410025702,19700,True,143,0.0040296,158031.0,0.008226234093310806,False,pisinger-gen,ASC,500,1
ASC_n500_R1000_s900,GA-RAND,1,158011.0,2.6849891759993625,19700,True,126,0.002604800000000001,158031.0,0.012655744758939701,False,pisinger-gen,ASC,500,1
ASC_n500_R1000_s900,GA-RAND,2,158020.0,2.55708470099853,19700,True,75,0.004079200000000001,158031.0,0.006960659617416836,False,pisinger-gen,ASC,500,1
ASC_n500_R1000_s900,GA-RAND,3,158013.0,3.109385732001101,19700,True,188,0.010174400000000004,158031.0,0.01139017028304573,False,pisinger-gen,ASC,500,1
ASC_n500_R1000_s900,GA-RAND,4,158016.0,2.8678111669978534,19700,True,159,0.0022208,158031.0,0.009491808569204776,False,pisinger-gen,ASC,500,1
ASC_n500_R1000_s900,GA-RAND,5,157924.0,2.5989091509982245,19700,True,65,0.006946400000000003,158031.0,0.06770823446032741,False,pisinger-gen,ASC,500,1
ASC_n500_R1000_s900,GA-UCB,0,158019.0,3.0691963440003747,19700,True,174,0.0021504000000000002,158031.0,0.007593446855363821,False,pisinger-gen,ASC,500,1
ASC_n500_R1000_s900,GA-UCB,1,157922.0,2.322479808997741,19700,True,81,0.009172000000000005,158031.0,0.06897380893622138,False,pisinger-gen,ASC,500,1
ASC_n500_R1000_s900,GA-UCB,2,158016.0,3.127826511001331,19700,True,86,0.007588000000000004,158031.0,0.009491808569204776,False,pisinger-gen,ASC,500,1
ASC_n500_R1000_s900,GA-UCB,3,158019.0,3.107783527997526,19700,True,147,0.010656800000000004,158031.0,0.007593446855363821,False,pisinger-gen,ASC,500,1
ASC_n500_R1000_s900,GA-UCB,4,158021.0,2.537145602000237,19700,True,191,0.0038656000000000007,158031.0,0.0063278723794698505,False,pisinger-gen,ASC,500,1
ASC_n500_R1000_s900,GA-UCB,5,158014.0,2.8659176219989604,19700,True,58,0.0025112000000000016,158031.0,0.010757383045098746,False,pisinger-gen,ASC,500,1
ASC_n500_R1000_s901,GA,0,158703.0,2.462341684000421,19700,True,177,0.002802400000000001,158827.0,0.07807236804825377,False,pisinger-gen,ASC,500,1
ASC_n500_R1000_s901,GA,1,158705.0,1.8771921759980614,19700,True,173,0.0029232000000000004,158827.0,0.07681313630553999,False,pisinger-gen,ASC,500,1
ASC_n500_R1000_s901,GA,2,158706.0,2.6655424819982727,19700,True,156,0.002860000000000001,158827.0,0.07618352043418311,False,pisinger-gen,ASC,500,1
ASC_n500_R1000_s901,GA,3,158702.0,2.2732426900001883,19700,True,98,0.0023544000000000004,158827.0,0.07870198391961064,False,pisinger-gen,ASC,500,1
ASC_n500_R1000_s901,GA,4,158805.0,2.7393567779981822,19700,True,61,0.0012304,158827.0,0.013851549169851474,False,pisinger-gen,ASC,500,1
ASC_n500_R1000_s901,GA,5,158701.0,2.3820346430002246,19700,True,30,0.002421600000000001,158827.0,0.07933159979096753,False,pisinger-gen,ASC,500,1
ASC_n500_R1000_s901,GA-QL,0,158814.0,3.0394520469999406,19700,True,47,0.011789600000000008,158827.0,0.008185006327639507,False,pisinger-gen,ASC,500,1
ASC_n500_R1000_s901,GA-QL,1,158814.0,2.974930911001138,19700,True,117,0.011108000000000003,158827.0,0.008185006327639507,False,pisinger-gen,ASC,500,1
ASC_n500_R1000_s901,GA-QL,2,158820.0,2.975659250998433,19700,True,128,0.003844800000000001,158827.0,0.004407311099498196,False,pisinger-gen,ASC,500,1
ASC_n500_R1000_s901,GA-QL,3,158804.0,1.7676402110009803,19700,True,95,0.009030400000000006,158827.0,0.014481165041208359,False,pisinger-gen,ASC,500,1
ASC_n500_R1000_s901,GA-QL,4,158811.0,3.040742739001871,19700,True,143,0.0047536,158827.0,0.010073853941710162,False,pisinger-gen,ASC,500,1
ASC_n500_R1000_s901,GA-QL,5,158809.0,2.95795797199753,19700,True,99,0.010228800000000007,158827.0,0.011333085684423932,False,pisinger-gen,ASC,500,1
ASC_n500_R1000_s901,GA-QL-a,0,158704.0,2.96896485400066,19700,True,38,0.007765600000000003,158827.0,0.07744275217689688,False,pisinger-gen,ASC,500,1
ASC_n500_R1000_s901,GA-QL-a,1,158802.0,2.617175307997968,19700,True,42,0.00424,158827.0,0.01574039678392213,False,pisinger-gen,ASC,500,1
ASC_n500_R1000_s901,GA-QL-a,2,158814.0,3.066799546999391,19700,True,54,0.011065600000000005,158827.0,0.008185006327639507,False,pisinger-gen,ASC,500,1
ASC_n500_R1000_s901,GA-QL-a,3,158813.0,2.1600087729966617,19700,True,55,0.007975200000000005,158827.0,0.008814622198996392,False,pisinger-gen,ASC,500,1
ASC_n500_R1000_s901,GA-QL-a,4,158807.0,2.984118431999377,19700,True,111,0.009408800000000007,158827.0,0.012592317427137704,False,pisinger-gen,ASC,500,1
ASC_n500_R1000_s901,GA-QL-a,5,158809.0,3.117534400000295,19700,True,113,0.018947200000000008,158827.0,0.011333085684423932,False,pisinger-gen,ASC,500,1
ASC_n500_R1000_s901,GA-QL-b,0,158814.0,2.7350287600020238,19700,True,47,0.011789600000000008,158827.0,0.008185006327639507,False,pisinger-gen,ASC,500,1
ASC_n500_R1000_s901,GA-QL-b,1,158814.0,3.017028001999279,19700,True,117,0.012669600000000007,158827.0,0.008185006327639507,False,pisinger-gen,ASC,500,1
ASC_n500_R1000_s901,GA-QL-b,2,158820.0,3.082250611998461,19700,True,128,0.003844800000000001,158827.0,0.004407311099498196,False,pisinger-gen,ASC,500,1
ASC_n500_R1000_s901,GA-QL-b,3,158804.0,2.2913743750032154,19700,True,95,0.009030400000000006,158827.0,0.014481165041208359,False,pisinger-gen,ASC,500,1
ASC_n500_R1000_s901,GA-QL-b,4,158811.0,2.4145992120029405,19700,True,143,0.0047536,158827.0,0.010073853941710162,False,pisinger-gen,ASC,500,1
ASC_n500_R1000_s901,GA-QL-b,5,158809.0,2.8375894680029887,19700,True,99,0.010228800000000007,158827.0,0.011333085684423932,False,pisinger-gen,ASC,500,1
ASC_n500_R1000_s901,GA-QL-c,0,158797.0,3.129679686997406,19700,True,162,0.007803200000000004,158827.0,0.018888476140706555,False,pisinger-gen,ASC,500,1
ASC_n500_R1000_s901,GA-QL-c,1,158811.0,2.627260176999698,19700,True,49,0.008017600000000005,158827.0,0.010073853941710162,False,pisinger-gen,ASC,500,1
ASC_n500_R1000_s901,GA-QL-c,2,158808.0,3.109326238001813,19700,True,169,0.009199200000000005,158827.0,0.011962701555780818,False,pisinger-gen,ASC,500,1
ASC_n500_R1000_s901,GA-QL-c,3,158706.0,3.075074845997733,19700,True,24,0.013362400000000009,158827.0,0.07618352043418311,False,pisinger-gen,ASC,500,1
ASC_n500_R1000_s901,GA-QL-c,4,158712.0,2.863441204000992,19700,True,183,0.0102048,158827.0,0.07240582520604179,False,pisinger-gen,ASC,500,1
ASC_n500_R1000_s901,GA-QL-c,5,158818.0,2.228725332999602,19700,True,72,0.013399200000000007,158827.0,0.005666542842211966,False,pisinger-gen,ASC,500,1
ASC_n500_R1000_s901,GA-RAND,0,158805.0,3.059828870002093,19700,True,48,0.0020000000000000005,158827.0,0.013851549169851474,False,pisinger-gen,ASC,500,1
ASC_n500_R1000_s901,GA-RAND,1,158812.0,2.815462334001495,19700,True,149,0.0026872000000000016,158827.0,0.009444238070353278,False,pisinger-gen,ASC,500,1
ASC_n500_R1000_s901,GA-RAND,2,158812.0,2.4425747860004776,19700,True,71,0.007806400000000002,158827.0,0.009444238070353278,False,pisinger-gen,ASC,500,1
ASC_n500_R1000_s901,GA-RAND,3,158816.0,3.0349960800012923,19700,True,167,0.007648000000000004,158827.0,0.006925774584925737,False,pisinger-gen,ASC,500,1
ASC_n500_R1000_s901,GA-RAND,4,158803.0,2.15924427599748,19700,True,50,0.004816000000000001,158827.0,0.015110780912565245,False,pisinger-gen,ASC,500,1
ASC_n500_R1000_s901,GA-RAND,5,158806.0,2.93096905800121,19700,True,189,0.003477600000000001,158827.0,0.013221933298494588,False,pisinger-gen,ASC,500,1
ASC_n500_R1000_s901,GA-UCB,0,158810.0,2.8982670690020313,19700,True,76,0.006862400000000003,158827.0,0.010703469813067048,False,pisinger-gen,ASC,500,1
ASC_n500_R1000_s901,GA-UCB,1,158812.0,3.038695416998962,19700,True,56,0.001726400000000001,158827.0,0.009444238070353278,False,pisinger-gen,ASC,500,1
ASC_n500_R1000_s901,GA-UCB,2,158813.0,2.981484930998704,19700,True,108,0.005612800000000001,158827.0,0.008814622198996392,False,pisinger-gen,ASC,500,1
ASC_n500_R1000_s901,GA-UCB,3,158806.0,2.107534946000669,19700,True,66,0.011258400000000005,158827.0,0.013221933298494588,False,pisinger-gen,ASC,500,1
ASC_n500_R1000_s901,GA-UCB,4,158808.0,2.708105596000678,19700,True,46,0.008072800000000005,158827.0,0.011962701555780818,False,pisinger-gen,ASC,500,1
ASC_n500_R1000_s901,GA-UCB,5,158798.0,2.854322721999779,19700,True,30,0.0054464000000000005,158827.0,0.01825886026934967,False,pisinger-gen,ASC,500,1
SC_n500_R1000_s900,GA,0,157746.0,2.510939560001134,19700,True,32,0.003696800000000001,157946.0,0.12662555556962507,False,pisinger-gen,SC,500,1
SC_n500_R1000_s900,GA,1,157746.0,2.582461828002124,19700,True,60,0.0045288,157946.0,0.12662555556962507,False,pisinger-gen,SC,500,1
SC_n500_R1000_s900,GA,2,157846.0,2.070221092002612,19700,True,136,0.0041752000000000004,157946.0,0.06331277778481254,False,pisinger-gen,SC,500,1
SC_n500_R1000_s900,GA,3,157746.0,1.9516763400024502,19700,True,36,0.004329600000000001,157946.0,0.12662555556962507,False,pisinger-gen,SC,500,1
SC_n500_R1000_s900,GA,4,157746.0,2.4943011759969522,19700,True,36,0.0027488000000000005,157946.0,0.12662555556962507,False,pisinger-gen,SC,500,1
SC_n500_R1000_s900,GA,5,157746.0,2.505686030999641,19700,True,27,0.004026400000000001,157946.0,0.12662555556962507,False,pisinger-gen,SC,500,1
SC_n500_R1000_s900,GA-QL,0,157846.0,2.8224903020018246,19700,True,25,0.014866400000000007,157946.0,0.06331277778481254,False,pisinger-gen,SC,500,1
SC_n500_R1000_s900,GA-QL,1,157946.0,3.0197950279980432,19700,True,36,0.010099200000000004,157946.0,0.0,True,pisinger-gen,SC,500,1
SC_n500_R1000_s900,GA-QL,2,157946.0,3.047081585998967,19700,True,31,0.0027520000000000014,157946.0,0.0,True,pisinger-gen,SC,500,1
SC_n500_R1000_s900,GA-QL,3,157846.0,2.982496283002547,19700,True,24,0.009685600000000003,157946.0,0.06331277778481254,False,pisinger-gen,SC,500,1
SC_n500_R1000_s900,GA-QL,4,157846.0,2.5530099620009423,19700,True,39,0.009988000000000004,157946.0,0.06331277778481254,False,pisinger-gen,SC,500,1
SC_n500_R1000_s900,GA-QL,5,157846.0,2.557497876998241,19700,True,43,0.006946400000000003,157946.0,0.06331277778481254,False,pisinger-gen,SC,500,1
SC_n500_R1000_s900,GA-QL-a,0,157846.0,2.626317910999205,19700,True,64,0.010113600000000004,157946.0,0.06331277778481254,False,pisinger-gen,SC,500,1
SC_n500_R1000_s900,GA-QL-a,1,157946.0,2.40955255299923,19700,True,32,0.0033664000000000003,157946.0,0.0,True,pisinger-gen,SC,500,1
SC_n500_R1000_s900,GA-QL-a,2,157946.0,2.976239389998227,19700,True,31,0.0070592000000000025,157946.0,0.0,True,pisinger-gen,SC,500,1
SC_n500_R1000_s900,GA-QL-a,3,157946.0,3.073229697001807,19700,True,28,0.004685600000000001,157946.0,0.0,True,pisinger-gen,SC,500,1
SC_n500_R1000_s900,GA-QL-a,4,157846.0,2.9458974699991813,19700,True,30,0.015612800000000007,157946.0,0.06331277778481254,False,pisinger-gen,SC,500,1
SC_n500_R1000_s900,GA-QL-a,5,157946.0,2.5668753440004366,19700,True,54,0.005544800000000002,157946.0,0.0,True,pisinger-gen,SC,500,1
SC_n500_R1000_s900,GA-QL-b,0,157946.0,2.737021700999321,19700,True,37,0.009280800000000004,157946.0,0.0,True,pisinger-gen,SC,500,1
SC_n500_R1000_s900,GA-QL-b,1,157946.0,2.827055243000359,19700,True,36,0.010099200000000004,157946.0,0.0,True,pisinger-gen,SC,500,1
SC_n500_R1000_s900,GA-QL-b,2,157946.0,3.0271826249991136,19700,True,31,0.0027520000000000014,157946.0,0.0,True,pisinger-gen,SC,500,1
SC_n500_R1000_s900,GA-QL-b,3,157846.0,2.507223944998259,19700,True,24,0.009685600000000003,157946.0,0.06331277778481254,False,pisinger-gen,SC,500,1
SC_n500_R1000_s900,GA-QL-b,4,157846.0,2.509225255002093,19700,True,39,0.009988000000000004,157946.0,0.06331277778481254,False,pisinger-gen,SC,500,1
SC_n500_R1000_s900,GA-QL-b,5,157846.0,2.840324683002109,19700,True,43,0.006946400000000003,157946.0,0.06331277778481254,False,pisinger-gen,SC,500,1
SC_n500_R1000_s900,GA-QL-c,0,157846.0,2.7982986729984987,19700,True,37,0.005604000000000001,157946.0,0.06331277778481254,False,pisinger-gen,SC,500,1
SC_n500_R1000_s900,GA-QL-c,1,157946.0,2.421532477001165,19700,True,37,0.0034208000000000003,157946.0,0.0,True,pisinger-gen,SC,500,1
SC_n500_R1000_s900,GA-QL-c,2,157946.0,2.991764416998194,19700,True,59,0.004059200000000001,157946.0,0.0,True,pisinger-gen,SC,500,1
SC_n500_R1000_s900,GA-QL-c,3,157946.0,2.681753574997856,19700,True,39,0.011800000000000005,157946.0,0.0,True,pisinger-gen,SC,500,1
SC_n500_R1000_s900,GA-QL-c,4,157946.0,2.9531190829984553,19700,True,39,0.001479200000000001,157946.0,0.0,True,pisinger-gen,SC,500,1
SC_n500_R1000_s900,GA-QL-c,5,157946.0,3.005271271998936,19700,True,125,0.009420000000000003,157946.0,0.0,True,pisinger-gen,SC,500,1
SC_n500_R1000_s900,GA-RAND,0,157846.0,2.793569942998147,19700,True,37,0.005795200000000001,157946.0,0.06331277778481254,False,pisinger-gen,SC,500,1
SC_n500_R1000_s900,GA-RAND,1,157946.0,2.9091100449986698,19700,True,29,0.0034312000000000006,157946.0,0.0,True,pisinger-gen,SC,500,1
SC_n500_R1000_s900,GA-RAND,2,157946.0,2.6354467650016886,19700,True,50,0.0077144000000000015,157946.0,0.0,True,pisinger-gen,SC,500,1
SC_n500_R1000_s900,GA-RAND,3,157846.0,2.4342150340016815,19700,True,34,0.011168800000000005,157946.0,0.06331277778481254,False,pisinger-gen,SC,500,1
SC_n500_R1000_s900,GA-RAND,4,157846.0,2.918635969999741,19700,True,24,0.0075184000000000015,157946.0,0.06331277778481254,False,pisinger-gen,SC,500,1
SC_n500_R1000_s900,GA-RAND,5,157846.0,2.9642228829980013,19700,True,37,0.005457600000000001,157946.0,0.06331277778481254,False,pisinger-gen,SC,500,1
SC_n500_R1000_s900,GA-UCB,0,157846.0,2.4217817219978315,19700,True,21,0.006366400000000001,157946.0,0.06331277778481254,False,pisinger-gen,SC,500,1
SC_n500_R1000_s900,GA-UCB,1,157846.0,2.9380129979981575,19700,True,29,0.003444800000000001,157946.0,0.06331277778481254,False,pisinger-gen,SC,500,1
SC_n500_R1000_s900,GA-UCB,2,157946.0,2.6169610370016017,19700,True,39,0.004431200000000001,157946.0,0.0,True,pisinger-gen,SC,500,1
SC_n500_R1000_s900,GA-UCB,3,157846.0,2.8636066319995734,19700,True,32,0.011596800000000006,157946.0,0.06331277778481254,False,pisinger-gen,SC,500,1
SC_n500_R1000_s900,GA-UCB,4,157946.0,2.9999857759976294,19700,True,38,0.002439200000000001,157946.0,0.0,True,pisinger-gen,SC,500,1
SC_n500_R1000_s900,GA-UCB,5,157846.0,2.1456551880000916,19700,True,51,0.006791200000000002,157946.0,0.06331277778481254,False,pisinger-gen,SC,500,1
SC_n500_R1000_s901,GA,0,158641.0,2.247835218000546,19700,True,31,0.004299200000000001,158841.0,0.1259120755976102,False,pisinger-gen,SC,500,1
SC_n500_R1000_s901,GA,1,158741.0,2.7782811790020787,19700,True,35,0.0032184000000000006,158841.0,0.0629560377988051,False,pisinger-gen,SC,500,1
SC_n500_R1000_s901,GA,2,158741.0,2.2847526789992116,19700,True,57,0.003411200000000002,158841.0,0.0629560377988051,False,pisinger-gen,SC,500,1
SC_n500_R1000_s901,GA,3,158741.0,2.132729175998975,19700,True,62,0.0017672,158841.0,0.0629560377988051,False,pisinger-gen,SC,500,1
SC_n500_R1000_s901,GA,4,158541.0,2.448675062998518,19700,True,31,0.0033984000000000006,158841.0,0.1888681133964153,False,pisinger-gen,SC,500,1
SC_n500_R1000_s901,GA,5,158641.0,2.396134311999049,19700,True,177,0.0037416000000000007,158841.0,0.1259120755976102,False,pisinger-gen,SC,500,1
SC_n500_R1000_s901,GA-QL,0,158841.0,2.9594444059985108,19700,True,51,0.003303200000000001,158841.0,0.0,True,pisinger-gen,SC,500,1
SC_n500_R1000_s901,GA-QL,1,158841.0,3.0611642740004754,19700,True,104,0.010343200000000004,158841.0,0.0,True,pisinger-gen,SC,500,1
SC_n500_R1000_s901,GA-QL,2,158841.0,1.9297566839995852,19700,True,40,0.008841600000000003,158841.0,0.0,True,pisinger-gen,SC,500,1
SC_n500_R1000_s901,GA-QL,3,158841.0,2.944332475999545,19700,True,33,0.013081600000000006,158841.0,0.0,True,pisinger-gen,SC,500,1
SC_n500_R1000_s901,GA-QL,4,158841.0,3.0646178839997447,19700,True,44,0.0059200000000000025,158841.0,0.0,True,pisinger-gen,SC,500,1
SC_n500_R1000_s901,GA-QL,5,158741.0,2.947298461000173,19700,True,30,0.015448000000000007,158841.0,0.0629560377988051,False,pisinger-gen,SC,500,1
SC_n500_R1000_s901,GA-QL-a,0,158841.0,2.2694432960015547,19700,True,73,0.0011720000000000005,158841.0,0.0,True,pisinger-gen,SC,500,1
SC_n500_R1000_s901,GA-QL-a,1,158841.0,2.9120763819992135,19700,True,27,0.002912000000000002,158841.0,0.0,True,pisinger-gen,SC,500,1
SC_n500_R1000_s901,GA-QL-a,2,158841.0,2.8697664110004553,19700,True,28,0.007726400000000005,158841.0,0.0,True,pisinger-gen,SC,500,1
SC_n500_R1000_s901,GA-QL-a,3,158841.0,2.936026444000163,19700,True,27,0.0032864,158841.0,0.0,True,pisinger-gen,SC,500,1
SC_n500_R1000_s901,GA-QL-a,4,158741.0,2.890153956002905,19700,True,39,0.009598400000000005,158841.0,0.0629560377988051,False,pisinger-gen,SC,500,1
SC_n500_R1000_s901,GA-QL-a,5,158841.0,3.1477937689996907,19700,True,29,0.010260000000000002,158841.0,0.0,True,pisinger-gen,SC,500,1
SC_n500_R1000_s901,GA-QL-b,0,158841.0,2.214988273997733,19700,True,51,0.003303200000000001,158841.0,0.0,True,pisinger-gen,SC,500,1
SC_n500_R1000_s901,GA-QL-b,1,158841.0,2.4666461760025413,19700,True,124,0.008707200000000003,158841.0,0.0,True,pisinger-gen,SC,500,1
SC_n500_R1000_s901,GA-QL-b,2,158841.0,2.622590011000284,19700,True,40,0.008841600000000003,158841.0,0.0,True,pisinger-gen,SC,500,1
SC_n500_R1000_s901,GA-QL-b,3,158841.0,3.0266049679994467,19700,True,33,0.013081600000000006,158841.0,0.0,True,pisinger-gen,SC,500,1
SC_n500_R1000_s901,GA-QL-b,4,158841.0,3.0198033130000113,19700,True,44,0.0059200000000000025,158841.0,0.0,True,pisinger-gen,SC,500,1
SC_n500_R1000_s901,GA-QL-b,5,158741.0,2.3358247779979138,19700,True,30,0.013308800000000004,158841.0,0.0629560377988051,False,pisinger-gen,SC,500,1
SC_n500_R1000_s901,GA-QL-c,0,158841.0,2.9569413919998624,19700,True,37,0.0023200000000000013,158841.0,0.0,True,pisinger-gen,SC,500,1
SC_n500_R1000_s901,GA-QL-c,1,158841.0,2.794676809997327,19700,True,29,0.005599200000000002,158841.0,0.0,True,pisinger-gen,SC,500,1
SC_n500_R1000_s901,GA-QL-c,2,158841.0,2.971828130001086,19700,True,28,0.015079200000000008,158841.0,0.0,True,pisinger-gen,SC,500,1
SC_n500_R1000_s901,GA-QL-c,3,158841.0,3.2827454850012145,19700,True,29,0.03892400000000001,158841.0,0.0,True,pisinger-gen,SC,500,1
SC_n500_R1000_s901,GA-QL-c,4,158841.0,3.07245060599962,19700,True,44,0.0023848000000000003,158841.0,0.0,True,pisinger-gen,SC,500,1
SC_n500_R1000_s901,GA-QL-c,5,158841.0,2.194762723000167,19700,True,30,0.007892800000000004,158841.0,0.0,True,pisinger-gen,SC,500,1
SC_n500_R1000_s901,GA-RAND,0,158841.0,2.849653966997721,19700,True,50,0.0020288000000000007,158841.0,0.0,True,pisinger-gen,SC,500,1
SC_n500_R1000_s901,GA-RAND,1,158841.0,3.1200961590002407,19700,True,36,0.003428000000000001,158841.0,0.0,True,pisinger-gen,SC,500,1
SC_n500_R1000_s901,GA-RAND,2,158841.0,2.749736223999207,19700,True,43,0.0045,158841.0,0.0,True,pisinger-gen,SC,500,1
SC_n500_R1000_s901,GA-RAND,3,158841.0,2.6809660049984814,19700,True,47,0.008238400000000005,158841.0,0.0,True,pisinger-gen,SC,500,1
SC_n500_R1000_s901,GA-RAND,4,158741.0,2.7710923380000168,19700,True,29,0.004137600000000001,158841.0,0.0629560377988051,False,pisinger-gen,SC,500,1
SC_n500_R1000_s901,GA-RAND,5,158841.0,3.0300053079990903,19700,True,85,0.006713600000000002,158841.0,0.0,True,pisinger-gen,SC,500,1
SC_n500_R1000_s901,GA-UCB,0,158841.0,2.976363711997692,19700,True,42,0.004342400000000001,158841.0,0.0,True,pisinger-gen,SC,500,1
SC_n500_R1000_s901,GA-UCB,1,158841.0,2.467008296000131,19700,True,179,0.011247200000000006,158841.0,0.0,True,pisinger-gen,SC,500,1
SC_n500_R1000_s901,GA-UCB,2,158841.0,2.816895444997499,19700,True,40,0.007950400000000002,158841.0,0.0,True,pisinger-gen,SC,500,1
SC_n500_R1000_s901,GA-UCB,3,158841.0,2.7043178739986615,19700,True,31,0.0037936000000000007,158841.0,0.0,True,pisinger-gen,SC,500,1
SC_n500_R1000_s901,GA-UCB,4,158841.0,2.979099388998293,19700,True,39,0.010198400000000005,158841.0,0.0,True,pisinger-gen,SC,500,1
SC_n500_R1000_s901,GA-UCB,5,158841.0,2.983822636997502,19700,True,44,0.0034368000000000007,158841.0,0.0,True,pisinger-gen,SC,500,1
UC_n500_R1000_s900,GA,0,211986.0,3.5608482099996763,19700,True,44,0.0021744000000000004,212003.0,0.008018754451587949,False,pisinger-gen,UC,500,1
UC_n500_R1000_s900,GA,1,211986.0,2.817911834001279,19700,True,43,0.0024168000000000006,212003.0,0.008018754451587949,False,pisinger-gen,UC,500,1
UC_n500_R1000_s900,GA,2,211981.0,3.453588855001726,19700,True,36,0.0010232000000000004,212003.0,0.010377211643231464,False,pisinger-gen,UC,500,1
UC_n500_R1000_s900,GA,3,211986.0,3.149015748000238,19700,True,45,0.002809600000000001,212003.0,0.008018754451587949,False,pisinger-gen,UC,500,1
UC_n500_R1000_s900,GA,4,211986.0,3.600581066999439,19700,True,51,0.0010248000000000004,212003.0,0.008018754451587949,False,pisinger-gen,UC,500,1
UC_n500_R1000_s900,GA,5,211994.0,3.494678062997991,19700,True,112,0.003121600000000001,212003.0,0.004245222944958326,False,pisinger-gen,UC,500,1
UC_n500_R1000_s900,GA-QL,0,211961.0,4.12250016300095,19700,True,146,0.009511200000000004,212003.0,0.01981104040980552,False,pisinger-gen,UC,500,1
UC_n500_R1000_s900,GA-QL,1,212003.0,4.108422301000246,19700,True,36,0.009288000000000005,212003.0,0.0,True,pisinger-gen,UC,500,1
UC_n500_R1000_s900,GA-QL,2,211986.0,2.788462521999463,19700,True,28,0.0034760000000000012,212003.0,0.008018754451587949,False,pisinger-gen,UC,500,1
UC_n500_R1000_s900,GA-QL,3,211961.0,4.013474744999257,19700,True,44,0.0014240000000000006,212003.0,0.01981104040980552,False,pisinger-gen,UC,500,1
UC_n500_R1000_s900,GA-QL,4,211994.0,4.152070157000708,19700,True,32,0.005357600000000001,212003.0,0.004245222944958326,False,pisinger-gen,UC,500,1
UC_n500_R1000_s900,GA-QL,5,211994.0,3.2932454479996522,19700,True,31,0.009836000000000004,212003.0,0.004245222944958326,False,pisinger-gen,UC,500,1
UC_n500_R1000_s900,GA-QL-a,0,212003.0,3.60174217399981,19700,True,166,0.0012560000000000002,212003.0,0.0,True,pisinger-gen,UC,500,1
UC_n500_R1000_s900,GA-QL-a,1,211994.0,3.452692176997516,19700,True,28,0.0007128000000000003,212003.0,0.004245222944958326,False,pisinger-gen,UC,500,1
UC_n500_R1000_s900,GA-QL-a,2,212003.0,4.112921700001607,19700,True,197,0.0078304,212003.0,0.0,True,pisinger-gen,UC,500,1
UC_n500_R1000_s900,GA-QL-a,3,212003.0,3.3457020100031514,19700,True,38,0.007768000000000002,212003.0,0.0,True,pisinger-gen,UC,500,1
UC_n500_R1000_s900,GA-QL-a,4,211994.0,4.171987223999167,19700,True,106,0.010149600000000005,212003.0,0.004245222944958326,False,pisinger-gen,UC,500,1
UC_n500_R1000_s900,GA-QL-a,5,211981.0,3.7696488319998025,19700,True,25,0.008944800000000003,212003.0,0.010377211643231464,False,pisinger-gen,UC,500,1
UC_n500_R1000_s900,GA-QL-b,0,212003.0,4.148711095000181,19700,True,86,0.007727200000000003,212003.0,0.0,True,pisinger-gen,UC,500,1
UC_n500_R1000_s900,GA-QL-b,1,212003.0,3.7794915399972524,19700,True,36,0.009288000000000005,212003.0,0.0,True,pisinger-gen,UC,500,1
UC_n500_R1000_s900,GA-QL-b,2,211994.0,4.204275918000349,19700,True,26,0.011817600000000004,212003.0,0.004245222944958326,False,pisinger-gen,UC,500,1
UC_n500_R1000_s900,GA-QL-b,3,211961.0,3.4346152010002697,19700,True,44,0.0014240000000000006,212003.0,0.01981104040980552,False,pisinger-gen,UC,500,1
UC_n500_R1000_s900,GA-QL-b,4,211994.0,4.275467797000601,19700,True,32,0.005357600000000001,212003.0,0.004245222944958326,False,pisinger-gen,UC,500,1
UC_n500_R1000_s900,GA-QL-b,5,211994.0,4.001719027000945,19700,True,31,0.009836000000000004,212003.0,0.004245222944958326,False,pisinger-gen,UC,500,1
UC_n500_R1000_s900,GA-QL-c,0,212003.0,3.0557794790001935,19700,True,43,0.007913600000000003,212003.0,0.0,True,pisinger-gen,UC,500,1
UC_n500_R1000_s900,GA-QL-c,1,211985.0,3.7699508690020593,19700,True,27,0.012669600000000007,212003.0,0.008490445889916652,False,pisinger-gen,UC,500,1
UC_n500_R1000_s900,GA-QL-c,2,211985.0,3.5069435680015886,19700,True,28,0.0017232000000000005,212003.0,0.008490445889916652,False,pisinger-gen,UC,500,1
UC_n500_R1000_s900,GA-QL-c,3,211986.0,4.1344133659986255,19700,True,33,0.006472000000000002,212003.0,0.008018754451587949,False,pisinger-gen,UC,500,1
UC_n500_R1000_s900,GA-QL-c,4,211986.0,3.780050813998969,19700,True,36,0.0036424000000000014,212003.0,0.008018754451587949,False,pisinger-gen,UC,500,1
UC_n500_R1000_s900,GA-QL-c,5,211986.0,3.60429675100022,19700,True,183,0.008213600000000003,212003.0,0.008018754451587949,False,pisinger-gen,UC,500,1
UC_n500_R1000_s900,GA-RAND,0,211985.0,3.829587702999561,19700,True,32,0.0016504000000000002,212003.0,0.008490445889916652,False,pisinger-gen,UC,500,1
UC_n500_R1000_s900,GA-RAND,1,212003.0,2.673426058001496,19700,True,58,0.0028696000000000012,212003.0,0.0,True,pisinger-gen,UC,500,1
UC_n500_R1000_s900,GA-RAND,2,211994.0,4.065586856999289,19700,True,38,0.008352000000000004,212003.0,0.004245222944958326,False,pisinger-gen,UC,500,1
UC_n500_R1000_s900,GA-RAND,3,211986.0,4.019803121002042,19700,True,32,0.009412800000000004,212003.0,0.008018754451587949,False,pisinger-gen,UC,500,1
UC_n500_R1000_s900,GA-RAND,4,211986.0,3.1091198940011964,19700,True,39,0.004659200000000002,212003.0,0.008018754451587949,False,pisinger-gen,UC,500,1
UC_n500_R1000_s900,GA-RAND,5,212003.0,3.9948372740000195,19700,True,37,0.009488000000000003,212003.0,0.0,True,pisinger-gen,UC,500,1
UC_n500_R1000_s900,GA-UCB,0,211985.0,3.9493825680001464,19700,True,32,0.008912000000000005,212003.0,0.008490445889916652,False,pisinger-gen,UC,500,1
UC_n500_R1000_s900,GA-UCB,1,211976.0,4.080092747997696,19700,True,32,0.006693600000000002,212003.0,0.012735668834874979,False,pisinger-gen,UC,500,1
UC_n500_R1000_s900,GA-UCB,2,212003.0,3.3465499529993394,19700,True,59,0.009411200000000003,212003.0,0.0,True,pisinger-gen,UC,500,1
UC_n500_R1000_s900,GA-UCB,3,211986.0,3.531003262000013,19700,True,35,0.006088800000000002,212003.0,0.008018754451587949,False,pisinger-gen,UC,500,1
UC_n500_R1000_s900,GA-UCB,4,212003.0,3.855602882002131,19700,True,83,0.0018120000000000007,212003.0,0.0,True,pisinger-gen,UC,500,1
UC_n500_R1000_s900,GA-UCB,5,212003.0,3.2874774759984575,19700,True,77,0.0024184000000000007,212003.0,0.0,True,pisinger-gen,UC,500,1
UC_n500_R1000_s901,GA,0,192756.0,3.1396199299997534,19700,True,48,0.00047520000000000017,192766.0,0.0051876368239212305,False,pisinger-gen,UC,500,1
UC_n500_R1000_s901,GA,1,192743.0,3.5088661709996813,19700,True,43,0.0007920000000000003,192766.0,0.011931564695018831,False,pisinger-gen,UC,500,1
UC_n500_R1000_s901,GA,2,192756.0,3.4494859900005395,19700,True,30,0.0012672000000000004,192766.0,0.0051876368239212305,False,pisinger-gen,UC,500,1
UC_n500_R1000_s901,GA,3,192756.0,2.7469767609982227,19700,True,43,0.002122400000000001,192766.0,0.0051876368239212305,False,pisinger-gen,UC,500,1
UC_n500_R1000_s901,GA,4,192762.0,3.2267716780006594,19700,True,186,0.0014776000000000004,192766.0,0.002075054729568492,False,pisinger-gen,UC,500,1
UC_n500_R1000_s901,GA,5,192743.0,3.512930911001604,19700,True,33,0.002432800000000001,192766.0,0.011931564695018831,False,pisinger-gen,UC,500,1
UC_n500_R1000_s901,GA-QL,0,192756.0,4.045216749000247,19700,True,32,0.010269600000000004,192766.0,0.0051876368239212305,False,pisinger-gen,UC,500,1
UC_n500_R1000_s901,GA-QL,1,192743.0,4.183998686999985,19700,True,33,0.0023504000000000008,192766.0,0.011931564695018831,False,pisinger-gen,UC,500,1
UC_n500_R1000_s901,GA-QL,2,192756.0,3.5136259979990427,19700,True,49,0.010263200000000005,192766.0,0.0051876368239212305,False,pisinger-gen,UC,500,1
UC_n500_R1000_s901,GA-QL,3,192756.0,4.086183763000008,19700,True,62,0.003464000000000001,192766.0,0.0051876368239212305,False,pisinger-gen,UC,500,1
UC_n500_R1000_s901,GA-QL,4,192745.0,3.6866793679982948,19700,True,55,0.008085600000000004,192766.0,0.010894037330234585,False,pisinger-gen,UC,500,1
UC_n500_R1000_s901,GA-QL,5,192743.0,3.972332343000744,19700,True,54,0.010874400000000005,192766.0,0.011931564695018831,False,pisinger-gen,UC,500,1
UC_n500_R1000_s901,GA-QL-a,0,192743.0,4.135025344003225,19700,True,35,0.013600000000000004,192766.0,0.011931564695018831,False,pisinger-gen,UC,500,1
UC_n500_R1000_s901,GA-QL-a,1,192745.0,4.046984152999357,19700,True,32,0.008873600000000004,192766.0,0.010894037330234585,False,pisinger-gen,UC,500,1
UC_n500_R1000_s901,GA-QL-a,2,192756.0,2.4206340499986254,19700,True,26,0.008514400000000004,192766.0,0.0051876368239212305,False,pisinger-gen,UC,500,1
UC_n500_R1000_s901,GA-QL-a,3,192743.0,4.091078228000697,19700,True,33,0.008730400000000004,192766.0,0.011931564695018831,False,pisinger-gen,UC,500,1
UC_n500_R1000_s901,GA-QL-a,4,192743.0,3.8136050020002585,19700,True,37,0.0011848000000000006,192766.0,0.011931564695018831,False,pisinger-gen,UC,500,1
UC_n500_R1000_s901,GA-QL-a,5,192756.0,3.7242790259988396,19700,True,29,0.009524800000000005,192766.0,0.0051876368239212305,False,pisinger-gen,UC,500,1
UC_n500_R1000_s901,GA-QL-b,0,192756.0,4.042703079998319,19700,True,32,0.010269600000000004,192766.0,0.0051876368239212305,False,pisinger-gen,UC,500,1
UC_n500_R1000_s901,GA-QL-b,1,192743.0,2.6221014770017064,19700,True,33,0.0023504000000000008,192766.0,0.011931564695018831,False,pisinger-gen,UC,500,1
UC_n500_R1000_s901,GA-QL-b,2,192756.0,3.8653456079991884,19700,True,49,0.010263200000000005,192766.0,0.0051876368239212305,False,pisinger-gen,UC,500,1
UC_n500_R1000_s901,GA-QL-b,3,192743.0,3.618612336998922,19700,True,49,0.010509600000000006,192766.0,0.011931564695018831,False,pisinger-gen,UC,500,1
UC_n500_R1000_s901,GA-QL-b,4,192745.0,4.043506458001502,19700,True,55,0.008085600000000004,192766.0,0.010894037330234585,False,pisinger-gen,UC,500,1
UC_n500_R1000_s901,GA-QL-b,5,192743.0,3.930485976001364,19700,True,54,0.010874400000000005,192766.0,0.011931564695018831,False,pisinger-gen,UC,500,1
UC_n500_R1000_s901,GA-QL-c,0,192743.0,3.9696321569972497,19700,True,34,0.003420800000000001,192766.0,0.011931564695018831,False,pisinger-gen,UC,500,1
UC_n500_R1000_s901,GA-QL-c,1,192745.0,2.9382175509999797,19700,True,112,0.008600000000000005,192766.0,0.010894037330234585,False,pisinger-gen,UC,500,1
UC_n500_R1000_s901,GA-QL-c,2,192756.0,3.1342847400010214,19700,True,28,0.001891200000000001,192766.0,0.0051876368239212305,False,pisinger-gen,UC,500,1
UC_n500_R1000_s901,GA-QL-c,3,192743.0,2.6851040349974937,19700,True,25,0.005701600000000002,192766.0,0.011931564695018831,False,pisinger-gen,UC,500,1
UC_n500_R1000_s901,GA-QL-c,4,192756.0,2.492782036999415,19700,True,46,0.0046832,192766.0,0.0051876368239212305,False,pisinger-gen,UC,500,1
UC_n500_R1000_s901,GA-QL-c,5,192756.0,2.2152181080018636,19700,True,41,0.0030584000000000006,192766.0,0.0051876368239212305,False,pisinger-gen,UC,500,1
UC_n500_R1000_s901,GA-RAND,0,192756.0,3.069285403998947,19700,True,30,0.0027640000000000013,192766.0,0.0051876368239212305,False,pisinger-gen,UC,500,1
UC_n500_R1000_s901,GA-RAND,1,192762.0,3.513944062000519,19700,True,32,0.0031192000000000012,192766.0,0.002075054729568492,False,pisinger-gen,UC,500,1
UC_n500_R1000_s901,GA-RAND,2,192762.0,3.95999388799828,19700,True,149,0.008055200000000002,192766.0,0.002075054729568492,False,pisinger-gen,UC,500,1
UC_n500_R1000_s901,GA-RAND,3,192756.0,3.860803832001693,19700,True,178,0.012223200000000005,192766.0,0.0051876368239212305,False,pisinger-gen,UC,500,1
UC_n500_R1000_s901,GA-RAND,4,192743.0,3.9537924590003968,19700,True,29,0.005468800000000002,192766.0,0.011931564695018831,False,pisinger-gen,UC,500,1
UC_n500_R1000_s901,GA-RAND,5,192743.0,3.755784572000266,19700,True,36,0.0069384000000000026,192766.0,0.011931564695018831,False,pisinger-gen,UC,500,1
UC_n500_R1000_s901,GA-UCB,0,192756.0,3.7634453079990635,19700,True,34,0.001584000000000001,192766.0,0.0051876368239212305,False,pisinger-gen,UC,500,1
UC_n500_R1000_s901,GA-UCB,1,192756.0,3.9302037230008864,19700,True,36,0.009990400000000005,192766.0,0.0051876368239212305,False,pisinger-gen,UC,500,1
UC_n500_R1000_s901,GA-UCB,2,192743.0,3.026497537000978,19700,True,30,0.009367200000000004,192766.0,0.011931564695018831,False,pisinger-gen,UC,500,1
UC_n500_R1000_s901,GA-UCB,3,192756.0,3.9628557409996574,19700,True,30,0.009631200000000003,192766.0,0.0051876368239212305,False,pisinger-gen,UC,500,1
UC_n500_R1000_s901,GA-UCB,4,192756.0,2.5567596920009237,19700,True,135,0.002290400000000001,192766.0,0.0051876368239212305,False,pisinger-gen,UC,500,1
UC_n500_R1000_s901,GA-UCB,5,192756.0,3.6549477230000775,19700,True,186,0.006596000000000002,192766.0,0.0051876368239212305,False,pisinger-gen,UC,500,1
