instance,family,class,n,m,optimum_file,greedy,t_greedy,ub_lp,f_n,f_m,f_tightness,f_corr_vw,f_cv_ratio,f_cv_w,f_cv_v,f_greedy_gap_ub,dp,t_dp,dp_status,milp,t_milp,milp_status,milp_bound
UC_n200_R1000_s0,pisinger-gen,UC,200,1,,80814.0,0.0025013660015247297,80839.8838643371,200,1,0.49504597485456936,0.11153089866687874,3.043391088771704,0.5554692449923223,0.571695587710461,0.0003201868075483096,80814.0,0.040074991000437876,optimal,80814.0,0.06894612699761637,optimal,80814.0
UC_n200_R1000_s1,pisinger-gen,UC,200,1,,82659.0,0.0012775050017808098,82706.8832807571,200,1,0.4950476062631241,0.005125611821738135,3.8880011082795716,0.5476104031370027,0.5549681129591405,0.0005789515800584194,82676.0,0.02383354199992027,optimal,82676.0,0.1647316700000374,optimal,82676.0
UC_n200_R1000_s2,pisinger-gen,UC,200,1,,83684.0,0.0023198310009320267,83792.69884726225,200,1,0.4950461529270017,-0.09010832927349656,3.3088326148196936,0.5602213519103758,0.569247466643091,0.001297235305195072,83748.0,0.03717692799909855,optimal,83748.0,0.16718637599842623,optimal,83748.0
UC_n500_R1000_s0,pisinger-gen,UC,500,1,,203549.0,0.006622741002502153,203616.87301587302,500,1,0.49504583651642475,-0.009666152983673772,2.7563571816806323,0.5653621479739521,0.5490768717820963,0.0003333368932923681,203595.0,0.8718095499971241,optimal,203595.0,0.5310134120009025,optimal,203595.00000000006
UC_n500_R1000_s1,pisinger-gen,UC,500,1,,201618.0,0.0071183299987751525,201633.87915407855,500,1,0.4950493892558893,-0.053411748415190224,2.483850376213522,0.5587854198710125,0.5870255422997989,7.875241078118585e-05,201623.0,0.8237502289994154,optimal,201623.0,0.2766420170009951,optimal,201623.0
UC_n500_R1000_s2,pisinger-gen,UC,500,1,,197930.0,0.006637389000388794,197959.28177966102,500,1,0.4950484102790896,0.08188039965221416,4.8075725309848245,0.5762642140591958,0.5669924105464225,0.0001479181950842299,197944.0,0.6775307839998277,optimal,197944.0,0.7937940199990408,optimal,197944.0
UC_n1000_R1000_s0,pisinger-gen,UC,1000,1,,407910.0,0.012960264000867028,407947.76704545453,1000,1,0.4950489681639165,-0.034751355169528354,4.033811627968016,0.5577288672334912,0.5594539968848687,9.257813991250866e-05,407942.0,3.598016442003427,optimal,407942.0,0.8341530479992798,optimal,407942.0
UC_n1000_R1000_s1,pisinger-gen,UC,1000,1,,416784.0,0.010127491997991456,416836.76288659795,1000,1,0.49504889440558886,0.02615897424108308,2.469350296815112,0.5730059933530246,0.5679237475659586,0.00012657925426866413,416827.0,3.2491657589998795,optimal,416827.0,0.507434638999257,optimal,416827.0
UC_n1000_R1000_s2,pisinger-gen,UC,1000,1,,407906.0,0.012520289998064982,407978.03282828286,1000,1,0.49504926910219865,-0.03613317043681223,5.153036410760002,0.5717318635812944,0.5771101965443728,0.00017656055592869235,407965.0,3.410741424999287,optimal,407965.0,0.6001804349980375,optimal,407965.0
WC_n200_R1000_s0,pisinger-gen,WC,200,1,,58087.0,0.002665153002453735,58155.29801324503,200,1,0.49504597485456936,0.9818729489602067,0.7745159047955843,0.5554692449923223,0.5684181331849025,0.0011744074156317965,58152.0,0.07107284100129618,optimal,58152.0,0.13839499300229363,optimal,58152.0
WC_n200_R1000_s1,pisinger-gen,WC,200,1,,56930.0,0.0024188319985114504,56964.514130434785,200,1,0.4950476062631241,0.9804371590366678,0.9768628493495473,0.5476104031370027,0.5535912925620962,0.0006058882615193808,56962.0,0.05325902600088739,optimal,56962.0,0.023572320002131164,optimal,56962.0
WC_n200_R1000_s2,pisinger-gen,WC,200,1,,55077.0,0.0024510439980076626,55099.09896432681,200,1,0.4950461529270017,0.9784989480010208,0.7678465941472299,0.5602213519103758,0.5563185691032796,0.0004010766916736504,55092.0,0.049339525001414586,optimal,55092.0,0.16014950399767258,optimal,55092.0
WC_n500_R1000_s0,pisinger-gen,WC,500,1,,142132.0,0.005617021000944078,142159.05047318613,500,1,0.49504583651642475,0.9826056941635761,0.4378160450122029,0.5653621479739521,0.5691300015293053,0.00019028315887092582,142152.0,1.0451590230004513,optimal,142152.0,0.8238837239987333,optimal,142152.0
WC_n500_R1000_s1,pisinger-gen,WC,500,1,,139048.0,0.0030716910005139653,139077.90681502086,500,1,0.4950493892558893,0.9800118342671815,0.4203716161103382,0.5587854198710125,0.563295871105702,0.00021503641883710198,139071.0,1.1459446260014374,optimal,139071.0,2.189429057001689,optimal,139071.0
WC_n500_R1000_s2,pisinger-gen,WC,500,1,,137687.0,0.0030606209984398447,137707.44512195123,500,1,0.4950484102790896,0.9822179442503315,1.3932403682963483,0.5762642140591958,0.5933869767048161,0.00014846780385127892,137704.0,1.2033927720003703,optimal,137704.0,0.41092945000127656,optimal,137704.0
WC_n1000_R1000_s0,pisinger-gen,WC,1000,1,,281287.0,0.011776375999033917,281306.81720430107,1000,1,0.4950489681639165,0.9808446622730095,0.7860417370110532,0.5577288672334912,0.5596638703307093,7.044693938817168e-05,281305.0,3.6158768179993785,optimal,281305.0,0.9864483429992106,optimal,281305.0
WC_n1000_R1000_s1,pisinger-gen,WC,1000,1,,276626.0,0.011938136998651316,276636.63837638375,1000,1,0.49504889440558886,0.9801283505581518,0.49551079065547676,0.5730059933530246,0.5788842709695344,3.845613670766524e-05,276634.0,3.8521650900001987,optimal,276634.0,0.8006483279968961,optimal,276634.0
WC_n1000_R1000_s2,pisinger-gen,WC,1000,1,,274659.0,0.010899064000113867,274677.7512953368,1000,1,0.49504926910219865,0.9802299662606853,1.3871801674589266,0.5717318635812944,0.576405008144873,6.826652413013088e-05,274676.0,2.4298549290033407,optimal,274676.0,0.5887548369973956,optimal,274676.0
SC_n200_R1000_s0,pisinger-gen,SC,200,1,,66208.0,0.00262966599984793,66610.49315068492,200,1,0.49504597485456936,1.0,1.6044198474922384,0.5554692449923223,0.4677035245005665,0.006042488677788534,66562.0,0.0508741560006456,optimal,66562.0,0.14133020100052818,optimal,66562.0
SC_n200_R1000_s1,pisinger-gen,SC,200,1,,65071.0,0.002392454000073485,65477.86666666667,200,1,0.4950476062631241,1.0,1.0161072853829305,0.5476104031370027,0.45949435426264895,0.0062138045629668535,65430.0,0.048094073001266224,optimal,65430.0,0.20194144000197412,optimal,65430.00000000004
SC_n200_R1000_s2,pisinger-gen,SC,200,1,,63041.0,0.0024594669994257856,63700.55882352941,200,1,0.4950461529270017,1.0,0.9117591914030031,0.5602213519103758,0.4671821909397669,0.010354050823268256,63616.0,0.048103009998158086,optimal,63616.0,0.2315436140015663,optimal,63616.0
SC_n500_R1000_s0,pisinger-gen,SC,500,1,,164288.0,0.005838539997057524,164418.6889495225,500,1,0.49504583651642475,1.0,1.2674288799617284,0.5653621479739521,0.47470112360353006,0.0007948545895693548,164403.0,0.877896898000472,optimal,164403.0,0.36979871799849207,optimal,164403.0
SC_n500_R1000_s1,pisinger-gen,SC,500,1,,161467.0,0.006145770999864908,161956.72222222222,500,1,0.4950493892558893,1.0,0.8354047769940829,0.5587854198710125,0.46769969470816686,0.00302378447465902,161897.0,0.9855550169995695,optimal,161897.0,30.01259665500038,limite de temps,161940.0
SC_n500_R1000_s2,pisinger-gen,SC,500,1,,159882.0,0.006470981003076304,160556.2857142857,500,1,0.4950484102790896,1.0,1.4526491619237678,0.5762642140591958,0.4812501310425635,0.004199684311865684,160472.0,1.1201058939986979,optimal,160472.0,30.02212031399904,limite de temps,160538.0
SC_n1000_R1000_s0,pisinger-gen,SC,1000,1,,324491.0,0.012321404999966035,325267.6460674157,1000,1,0.4950489681639165,1.0,2.1877422343577098,0.5577288672334912,0.4672557340705683,0.002387713862124313,325172.0,3.4088623780007765,optimal,325172.0,30.008180523000192,limite de temps,325265.0
SC_n1000_R1000_s1,pisinger-gen,SC,1000,1,,318922.0,0.011340928002027795,319203.8377997179,1000,1,0.49504889440558886,1.0,1.1565679814904644,0.5730059933530246,0.4779353475840348,0.0008829398846223837,319169.0,2.899718059998122,optimal,319169.0,0.31037233200186165,optimal,319169.0
SC_n1000_R1000_s2,pisinger-gen,SC,1000,1,,319217.0,0.014571234001778066,319640.849002849,1000,1,0.49504926910219865,0.9999999999999998,1.5035933524426177,0.5717318635812944,0.4770372703989757,0.001326016384236427,319588.0,2.8494003010018787,optimal,319588.0,30.017296841000643,limite de temps,319636.0
ISC_n200_R1000_s0,pisinger-gen,ISC,200,1,,56162.0,0.0023420750003424473,56186.23600973236,200,1,0.4950466108389951,1.0,0.2546797377299171,0.4677035245005665,0.5554692449923223,0.00043135136740897966,56163.0,0.06999981500121066,optimal,56163.0,0.2912030900006357,optimal,56163.00000000001
ISC_n200_R1000_s1,pisinger-gen,ISC,200,1,,55022.0,0.0027053640005760826,55053.7602905569,200,1,0.4950479914395823,1.0,0.2320879261385382,0.45949435426264895,0.5476104031370027,0.00057689593570501,55031.0,0.07986513399737305,optimal,55031.0,3.354724464003084,optimal,55031.00000001373
ISC_n200_R1000_s2,pisinger-gen,ISC,200,1,,53215.0,0.0029531090003729332,53227.02638522427,200,1,0.4950467918323964,1.0,0.22976525513642307,0.4671821909397669,0.5602213519103758,0.00022594508919645398,53217.0,0.08812979000140331,optimal,53217.0,0.19195285000023432,optimal,53217.0
ISC_n500_R1000_s0,pisinger-gen,ISC,500,1,,138255.0,0.0066548979993967805,138325.69325153375,500,1,0.4950481077613855,1.0,0.24461669597044072,0.47470112360353006,0.5653621479739521,0.0005110637790566077,138256.0,0.6232857760005572,optimal,138256.0,30.01934022599744,limite de temps,138317.0
ISC_n500_R1000_s1,pisinger-gen,ISC,500,1,,135785.0,0.004703652000898728,135841.0099875156,500,1,0.4950478587449794,1.0,0.22575297808183373,0.46769969470816686,0.5587854198710125,0.0004123201639972249,135785.0,0.40111054299995885,optimal,135785.0,30.010485025999515,limite de temps,135834.0
ISC_n500_R1000_s2,pisinger-gen,ISC,500,1,,134321.0,0.0054913240019232035,134372.03049555272,500,1,0.49504702359753605,1.0,0.2332166986226883,0.4812501310425635,0.5762642140591958,0.0003797702197736262,134324.0,0.3482281830001739,optimal,134324.0,30.010395053999673,limite de temps,134359.0
ISC_n1000_R1000_s0,pisinger-gen,ISC,1000,1,,272977.0,0.009710202997666784,273036.17085427133,1000,1,0.4950491355453251,1.0,0.23176441374406617,0.4672557340705683,0.5577288672334912,0.00021671434259497007,272977.0,2.2584721870007343,optimal,272977.0,30.01393030899999,limite de temps,273035.0
ISC_n1000_R1000_s1,pisinger-gen,ISC,1000,1,,266774.0,0.02992954900037148,266847.0964467005,1000,1,0.4950490778409732,1.0,0.22992760027046705,0.4779353475840348,0.5730059933530246,0.00027392633337163067,266774.0,2.288217761000851,optimal,266774.0,30.022439027001383,limite de temps,266846.0
ISC_n1000_R1000_s2,pisinger-gen,ISC,1000,1,,267199.0,0.01065244200071902,267280.97953964194,1000,1,0.4950493901590688,0.9999999999999998,0.23300356110973783,0.4770372703989757,0.5717318635812944,0.00030671669859611917,267199.0,1.9135821720010426,optimal,267199.0,30.01296724399799,limite de temps,267280.0
ASC_n200_R1000_s0,pisinger-gen,ASC,200,1,,66223.0,0.002385817999311257,66613.82222222222,200,1,0.49504597485456936,0.9999883638670876,1.5854170712830822,0.5554692449923223,0.4678328511365172,0.005866983895901523,66580.0,0.04562603199883597,optimal,66580.0,0.2341827429991099,optimal,66579.99999999999
ASC_n200_R1000_s1,pisinger-gen,ASC,200,1,,65082.0,0.002498388999811141,65489.08885941644,200,1,0.4950476062631241,0.9999881167765226,1.0257556132763495,0.5476104031370027,0.4594912098681135,0.006216132587984673,65453.0,0.052591248000680935,optimal,65453.0,0.15982908200021484,optimal,65453.0
ASC_n200_R1000_s2,pisinger-gen,ASC,200,1,,63068.0,0.002386660002230201,63725.53602305475,200,1,0.4950461529270017,0.9999871661921701,0.9178064048770513,0.5602213519103758,0.46689618295945234,0.010318250172377795,63658.0,0.05943599799866206,optimal,63658.0,9.69395752699711,optimal,63658.0
ASC_n500_R1000_s0,pisinger-gen,ASC,500,1,,164318.0,0.006772381999326171,164425.93126684637,500,1,0.49504583651642475,0.9999889657288185,1.2589903682460262,0.5653621479739521,0.4746775577887426,0.0006564126839045038,164420.0,0.5586690870004531,optimal,164420.0,0.4176500389985449,optimal,164420.0
ASC_n500_R1000_s1,pisinger-gen,ASC,500,1,,161502.0,0.005922608001128538,161967.89944903582,500,1,0.4950493892558893,0.9999877638485956,0.8332628265361928,0.5587854198710125,0.4676039646798024,0.0028764925063587336,161931.0,0.5148870560005889,optimal,161931.0,12.456862945000466,optimal,161931.00000000006
ASC_n500_R1000_s2,pisinger-gen,ASC,500,1,,159872.0,0.005158508000022266,160523.42857142858,500,1,0.4950484102790896,0.9999886582120691,1.4568232180121634,0.5762642140591958,0.4814395057331982,0.00405815261501664,160465.0,0.23153523099972517,optimal,160465.0,30.005728107000323,limite de temps,160512.0
ASC_n1000_R1000_s0,pisinger-gen,ASC,1000,1,,324543.0,0.012287295001442544,325310.8019525802,1000,1,0.4950489681639165,0.9999881413419113,2.159086057526035,0.5577288672334912,0.46715573769828733,0.0023602104448168415,325257.0,1.209291289000248,optimal,325256.0,30.011381080999854,limite de temps,325310.0
ASC_n1000_R1000_s1,pisinger-gen,ASC,1000,1,,319094.0,0.011456259999249596,319286.8645533141,1000,1,0.49504889440558886,0.9999873403063653,1.1473226276416546,0.5730059933530246,0.47792706716983896,0.0006040478789627924,319276.0,1.3776420380017953,optimal,319276.0,0.6549652039975626,optimal,319275.99999999994
ASC_n1000_R1000_s2,pisinger-gen,ASC,1000,1,,319253.0,0.006268827000894817,319648.4285714286,1000,1,0.49504926910219865,0.9999877839959536,1.517303073386081,0.5717318635812944,0.4769684839917827,0.0012370734096702038,319625.0,1.3481108439991658,optimal,319625.0,0.6964586690010037,optimal,319625.0
SS_n200_R1000_s0,pisinger-gen,SS,200,1,,52757.0,0.0024259929996333085,52762.0,200,1,0.49504597485456936,1.0,4.972108384072055e-17,0.5554692449923223,0.5554692449923223,9.476517190402184e-05,52762.0,0.0460812530000112,optimal,52762.0,0.07484997599749477,optimal,52762.0
SS_n200_R1000_s1,pisinger-gen,SS,200,1,,51620.0,0.002272810001159087,51630.0,200,1,0.4950476062631241,1.0,5.5482226946597414e-17,0.5476104031370027,0.5476104031370027,0.0001936858415649816,51630.0,0.04342381099922932,optimal,51630.0,0.06068246999711846,optimal,51630.0
SS_n200_R1000_s2,pisinger-gen,SS,200,1,,49715.0,0.0024169669995899312,49716.0,200,1,0.4950461529270017,1.0,4.8538943995445894e-17,0.5602213519103758,0.5602213519103758,2.0114248933944805e-05,49716.0,0.03941394499997841,optimal,49716.0,0.2417167169987806,optimal,49716.0
SS_n500_R1000_s0,pisinger-gen,SS,500,1,,129602.0,0.005319715000950964,129603.0,500,1,0.49504583651642475,1.0,5.4776411833817034e-17,0.5653621479739521,0.5653621479739521,7.715870774596266e-06,129603.0,0.3481740249990253,optimal,129603.0,0.08400113500101725,optimal,129603.0
SS_n500_R1000_s1,pisinger-gen,SS,500,1,,127097.0,0.0035558979980123695,127097.0,500,1,0.4950493892558893,1.0,5.562126450801872e-17,0.5587854198710125,0.5587854198710125,0.0,127097.0,0.3314066700004332,optimal,127097.0,0.18955616099992767,optimal,127097.0
SS_n500_R1000_s2,pisinger-gen,SS,500,1,,125372.0,0.00562463700043736,125372.0,500,1,0.4950484102790896,1.0,5.318990926249218e-17,0.5762642140591958,0.5762642140591958,0.0,125372.0,0.2869875519972993,optimal,125372.0,0.13346789599745534,optimal,125372.00000000003
SS_n1000_R1000_s0,pisinger-gen,SS,1000,1,,255672.0,0.011332882997521665,255672.0,1000,1,0.4950489681639165,1.0,5.3875460113220415e-17,0.5577288672334912,0.5577288672334912,0.0,255672.0,1.7865040889992088,optimal,255672.0,0.09000217699940549,optimal,255672.0
SS_n1000_R1000_s1,pisinger-gen,SS,1000,1,,248861.0,0.007896023002103902,248869.0,1000,1,0.49504889440558886,1.0,5.65701431528158e-17,0.5730059933530246,0.5730059933530246,3.214542590680237e-05,248869.0,1.8560078529990278,optimal,248869.0,0.14722788799917907,optimal,248869.0
SS_n1000_R1000_s2,pisinger-gen,SS,1000,1,,249387.0,0.012982593001652276,249388.0,1000,1,0.49504926910219865,0.9999999999999998,5.245057868764161e-17,0.5717318635812944,0.5717318635812944,4.00981602964056e-06,249388.0,1.244259568000416,optimal,249388.0,0.09528485400005593,optimal,249388.0
